elapsed_seconds,distance_miles,pace_per_mile,heartrate,altitude_ft
0,0.0,,88,122.7
1,0.0,,88,122.7
2,0.0,,88,122.7
3,0.0,812:48,87,122.7
4,0.0,536:26,89,122.7
5,0.0,447:02,87,122.7
6,0.0,335:16,85,122.7
7,0.0,335:16,86,122.7
8,0.0,103:09,87,122.7
9,0.0,67:03,88,122.7
10,0.0,51:34,88,122.7
11,0.0,47:53,88,122.7
12,0.0,47:53,88,122.7
13,0.0,74:30,89,122.7
14,0.0,78:53,90,122.7
15,0.0,60:57,94,122.0
16,0.0,32:42,100,122.0
17,0.01,19:43,103,122.0
18,0.01,14:34,108,122.0
19,0.01,12:39,110,122.0
20,0.01,11:33,111,122.0
21,0.01,12:04,112,122.0
22,0.01,12:53,112,122.7
23,0.01,13:01,112,122.7
24,0.02,13:01,112,122.7
25,0.02,12:53,113,122.0
26,0.02,12:04,114,122.0
27,0.02,12:04,114,122.0
28,0.02,12:18,116,122.0
29,0.02,12:46,116,122.0
30,0.02,13:01,116,122.7
31,0.02,13:16,116,122.7
32,0.03,12:39,117,122.7
33,0.03,11:58,118,122.7
34,0.03,11:58,119,122.7
35,0.03,11:58,120,122.7
36,0.03,12:11,121,123.4
37,0.03,12:53,121,124.0
38,0.03,14:25,121,124.0
39,0.03,14:16,122,124.7
40,0.04,14:25,123,124.7
41,0.04,14:07,124,124.7
42,0.04,13:58,125,124.7
43,0.04,14:07,126,124.0
44,0.04,14:16,126,124.0
45,0.04,14:25,126,124.0
46,0.04,14:44,128,124.7
47,0.04,14:07,128,124.7
48,0.05,12:46,129,125.3
49,0.05,11:33,130,125.3
50,0.05,11:21,130,126.0
51,0.05,11:16,132,126.0
52,0.05,11:33,132,125.3
53,0.05,11:52,133,125.3
54,0.05,13:01,134,125.3
55,0.06,12:53,135,126.0
56,0.06,12:46,137,126.0
57,0.06,12:18,139,126.0
58,0.06,11:52,139,126.6
59,0.06,11:52,139,126.6
60,0.06,11:39,140,126.6
61,0.06,12:04,140,126.6
62,0.07,12:39,140,126.6
63,0.07,13:49,139,126.6
64,0.07,13:16,139,126.6
65,0.07,14:16,139,126.6
66,0.07,14:07,140,126.6
67,0.07,13:32,140,126.6
68,0.07,12:32,140,126.6
69,0.07,12:53,139,126.6
70,0.08,12:46,139,126.6
71,0.08,12:39,140,126.6
72,0.08,13:58,140,126.0
73,0.08,15:24,141,126.6
74,0.08,16:09,141,126.0
75,0.08,16:58,142,126.0
76,0.08,18:53,142,126.0
77,0.08,18:22,144,126.0
78,0.08,16:09,144,126.0
79,0.08,15:14,144,126.0
80,0.09,14:16,144,126.0
81,0.09,13:41,144,126.0
82,0.09,13:49,144,126.6
83,0.09,14:44,144,126.6
84,0.09,15:14,145,126.6
85,0.09,16:58,144,126.6
86,0.09,15:46,144,126.6
87,0.09,15:14,144,126.6
88,0.09,15:04,144,127.3
89,0.1,15:14,145,127.3
90,0.1,13:58,145,127.3
91,0.1,14:07,145,127.3
92,0.1,13:32,145,127.3
93,0.1,12:53,145,127.3
94,0.1,11:21,146,127.3
95,0.1,11:16,146,127.3
96,0.11,11:16,146,127.3
97,0.11,11:16,147,127.3
98,0.11,11:52,147,126.6
99,0.11,12:39,147,126.6
100,0.11,12:18,147,126.6
101,0.11,11:33,147,126.6
102,0.11,12:11,147,126.6
103,0.11,12:11,147,127.3
104,0.12,12:39,148,126.6
105,0.12,13:24,147,126.6
106,0.12,15:14,147,126.6
107,0.12,15:35,148,126.6
108,0.12,16:45,148,126.6
109,0.12,16:45,148,126.6
110,0.12,17:52,149,126.6
111,0.12,16:45,149,126.0
112,0.12,14:54,149,126.0
113,0.13,13:58,149,126.0
114,0.13,13:08,148,126.0
115,0.13,11:52,149,126.0
116,0.13,12:46,149,126.0
117,0.13,14:16,149,126.0
118,0.13,14:25,149,126.0
119,0.13,14:34,149,126.0
120,0.13,14:07,149,126.0
121,0.14,12:46,148,126.0
122,0.14,12:39,149,126.0
123,0.14,12:25,149,126.0
124,0.14,13:24,149,126.0
125,0.14,13:58,150,126.0
126,0.14,14:34,149,126.0
127,0.14,13:58,149,126.6
128,0.14,14:16,149,126.6
129,0.15,13:01,149,126.6
130,0.15,13:32,149,126.6
131,0.15,13:08,149,126.6
132,0.15,12:25,149,126.6
133,0.15,12:25,150,127.3
134,0.15,13:24,151,127.3
135,0.15,13:16,150,127.3
136,0.15,14:16,150,127.3
137,0.16,15:04,149,128.0
138,0.16,14:07,149,128.0
139,0.16,13:08,150,128.0
140,0.16,12:53,150,128.0
141,0.16,11:58,150,128.0
142,0.16,11:45,151,127.3
143,0.16,11:39,151,127.3
144,0.17,11:27,151,127.3
145,0.17,11:21,151,127.3
146,0.17,11:21,151,128.0
147,0.17,11:39,152,128.0
148,0.17,12:11,151,128.0
149,0.17,12:18,151,128.0
150,0.17,12:25,152,128.0
151,0.17,12:39,152,128.0
152,0.18,12:18,152,128.0
153,0.18,11:58,150,128.6
154,0.18,12:53,149,128.6
155,0.18,13:24,149,128.6
156,0.18,13:49,150,128.6
157,0.18,13:24,150,128.6
158,0.18,14:16,149,128.0
159,0.18,14:07,149,128.0
160,0.19,13:16,150,128.0
161,0.19,12:53,150,128.0
162,0.19,13:32,150,128.0
163,0.19,14:07,149,128.0
164,0.19,13:49,149,128.0
165,0.19,15:04,149,128.0
166,0.19,15:57,149,128.6
167,0.19,16:09,149,128.6
168,0.19,15:14,149,128.6
169,0.2,15:14,148,128.6
170,0.2,15:04,147,128.6
171,0.2,15:35,147,128.6
172,0.2,16:09,148,128.6
173,0.2,16:45,147,128.6
174,0.2,17:25,147,129.3
175,0.2,17:25,148,129.3
176,0.2,16:33,148,129.9
177,0.2,15:14,148,129.9
178,0.21,14:54,148,129.9
179,0.21,15:14,148,129.9
180,0.21,15:14,148,129.9
181,0.21,14:54,148,129.9
182,0.21,15:35,149,130.6
183,0.21,14:34,148,130.6
184,0.21,13:58,147,130.6
185,0.21,12:53,147,130.6
186,0.21,13:08,147,130.6
187,0.22,13:08,148,130.6
188,0.22,13:58,149,131.2
189,0.22,13:41,149,131.2
190,0.22,13:58,149,131.2
191,0.22,13:32,149,131.2
192,0.22,12:53,148,131.2
193,0.22,12:46,149,131.2
194,0.23,12:46,149,131.9
195,0.23,13:49,149,131.9
196,0.23,13:58,148,131.9
197,0.23,15:04,147,131.9
198,0.23,15:35,147,131.9
199,0.23,16:33,146,131.9
200,0.23,15:35,146,131.9
201,0.23,15:35,146,132.5
202,0.23,14:54,146,132.5
203,0.23,14:34,146,133.2
204,0.24,13:58,146,133.2
205,0.24,14:34,146,133.2
206,0.24,14:54,147,132.5
207,0.24,14:44,146,132.5
208,0.24,15:14,146,132.5
209,0.24,14:54,146,132.5
210,0.24,15:24,146,133.2
211,0.24,15:04,148,133.2
212,0.24,15:14,148,133.9
213,0.25,13:49,148,133.9
214,0.25,14:16,149,133.9
215,0.25,13:08,147,133.9
216,0.25,12:25,145,133.2
217,0.25,12:53,144,133.2
218,0.25,13:08,144,133.9
219,0.25,13:16,144,133.9
220,0.26,12:53,144,134.5
221,0.26,13:49,144,134.5
222,0.26,13:32,144,135.2
223,0.26,13:32,144,135.2
224,0.26,13:24,144,135.8
225,0.26,13:58,144,135.8
226,0.26,13:32,144,135.8
227,0.26,13:32,145,135.8
228,0.26,13:32,144,135.8
229,0.27,13:16,144,136.5
230,0.27,13:16,145,136.5
231,0.27,13:58,145,136.5
232,0.27,14:54,145,136.5
233,0.27,16:09,146,136.5
234,0.27,17:25,146,136.5
235,0.27,17:38,147,135.8
236,0.27,17:38,147,135.8
237,0.27,16:09,146,135.8
238,0.28,15:24,146,135.8
239,0.28,14:25,145,135.8
240,0.28,13:58,145,135.8
241,0.28,13:01,144,135.8
242,0.28,12:25,144,135.8
243,0.28,12:53,144,136.5
244,0.28,13:08,145,136.5
245,0.28,13:08,146,136.5
246,0.29,13:16,146,137.1
247,0.29,14:16,147,137.1
248,0.29,13:41,147,137.1
249,0.29,13:41,147,137.8
250,0.29,13:58,147,137.8
251,0.29,13:58,148,137.8
252,0.29,14:16,148,137.8
253,0.29,14:34,148,137.8
254,0.29,14:54,147,137.8
255,0.3,15:35,148,137.8
256,0.3,16:09,146,137.8
257,0.3,15:46,146,137.8
258,0.3,15:04,147,137.8
259,0.3,15:14,146,137.8
260,0.3,15:04,145,137.8
261,0.3,16:09,144,137.8
262,0.3,16:45,144,137.1
263,0.3,18:22,145,137.1
264,0.3,18:37,146,137.1
265,0.31,18:07,146,137.1
266,0.31,18:07,147,137.1
267,0.31,17:25,148,137.1
268,0.31,16:21,148,137.1
269,0.31,16:09,147,137.1
270,0.31,15:24,147,137.1
271,0.31,14:44,147,137.1
272,0.31,14:25,147,137.1
273,0.31,14:25,147,136.5
274,0.32,14:25,148,136.5
275,0.32,14:44,148,136.5
276,0.32,14:16,148,136.5
277,0.32,14:16,148,136.5
278,0.32,14:16,149,136.5
279,0.32,13:32,148,136.5
280,0.32,13:58,149,136.5
281,0.32,14:54,149,137.1
282,0.32,16:09,149,137.1
283,0.33,16:33,148,137.1
284,0.33,16:45,148,137.1
285,0.33,17:11,148,137.1
286,0.33,16:33,148,137.1
287,0.33,14:16,148,136.5
288,0.33,14:25,148,136.5
289,0.33,14:25,147,136.5
290,0.33,13:41,148,135.8
291,0.34,13:08,147,135.8
292,0.34,13:24,147,135.8
293,0.34,13:08,148,135.2
294,0.34,13:08,149,135.2
295,0.34,13:32,149,135.2
296,0.34,14:34,149,134.5
297,0.34,15:14,150,135.2
298,0.34,15:04,150,135.2
299,0.34,15:04,150,135.2
300,0.35,14:34,150,135.2
301,0.35,14:25,150,135.2
302,0.35,13:49,150,134.5
303,0.35,13:41,150,134.5
304,0.35,13:41,150,134.5
305,0.35,13:41,150,134.5
306,0.35,13:08,150,134.5
307,0.35,14:16,148,134.5
308,0.35,14:54,147,134.5
309,0.36,16:09,146,134.5
310,0.36,17:11,146,134.5
311,0.36,17:38,147,134.5
312,0.36,18:07,147,134.5
313,0.36,19:09,147,134.5
314,0.36,18:37,147,134.5
315,0.36,17:38,148,134.5
316,0.36,17:38,148,134.5
317,0.36,16:45,148,134.5
318,0.36,15:35,148,134.5
319,0.37,14:25,148,135.2
320,0.37,14:07,147,135.2
321,0.37,13:49,147,135.2
322,0.37,14:07,147,135.2
323,0.37,13:49,147,135.2
324,0.37,14:25,148,135.2
325,0.37,15:57,148,135.2
326,0.37,15:57,148,135.2
327,0.37,15:57,148,135.8
328,0.38,17:11,149,135.8
329,0.38,16:58,149,135.8
330,0.38,15:46,148,135.8
331,0.38,15:24,148,136.5
332,0.38,14:44,149,136.5
333,0.38,13:58,149,136.5
334,0.38,14:16,148,136.5
335,0.38,14:16,149,136.5
336,0.38,14:16,150,136.5
337,0.39,13:41,150,136.5
338,0.39,13:49,150,136.5
339,0.39,13:41,150,137.1
340,0.39,13:08,149,137.1
341,0.39,13:24,150,137.1
342,0.39,13:58,149,137.8
343,0.39,13:16,149,137.8
344,0.4,12:46,149,137.8
345,0.4,13:32,149,137.8
346,0.4,13:32,150,138.5
347,0.4,13:41,150,138.5
348,0.4,14:07,150,139.1
349,0.4,14:25,150,139.8
350,0.4,13:41,151,140.4
351,0.4,13:41,151,140.4
352,0.4,13:16,150,140.4
353,0.41,13:01,150,141.1
354,0.41,13:24,150,141.1
355,0.41,13:24,150,141.1
356,0.41,13:32,149,140.4
357,0.41,13:24,149,140.4
358,0.41,13:49,149,140.4
359,0.41,13:24,149,140.4
360,0.41,14:07,149,139.8
361,0.42,14:16,149,139.8
362,0.42,15:14,148,139.1
363,0.42,15:04,148,139.1
364,0.42,16:21,148,138.5
365,0.42,16:09,147,138.5
366,0.42,16:33,147,138.5
367,0.42,16:09,147,138.5
368,0.42,16:33,146,137.8
369,0.42,15:35,146,137.8
370,0.42,15:14,146,137.8
371,0.43,14:25,147,137.1
372,0.43,14:16,147,137.1
373,0.43,13:41,147,137.1
374,0.43,14:16,147,137.1
375,0.43,14:34,147,137.1
376,0.43,13:41,148,137.1
377,0.43,13:58,147,136.5
378,0.43,13:41,148,136.5
379,0.44,12:04,148,136.5
380,0.44,11:52,148,135.8
381,0.44,12:25,148,135.8
382,0.44,12:39,149,135.8
383,0.44,12:53,149,135.2
384,0.44,14:25,148,135.8
385,0.44,14:54,148,135.8
386,0.44,14:44,148,135.8
387,0.45,14:07,149,135.8
388,0.45,15:24,149,135.8
389,0.45,14:34,150,135.8
390,0.45,13:58,150,135.2
391,0.45,14:34,151,135.2
392,0.45,14:54,151,134.5
393,0.45,13:32,150,134.5
394,0.45,13:32,151,134.5
395,0.46,13:41,152,134.5
396,0.46,13:08,152,134.5
397,0.46,12:32,152,134.5
398,0.46,12:53,153,134.5
399,0.46,13:16,152,134.5
400,0.46,13:24,152,134.5
401,0.46,13:41,153,134.5
402,0.46,14:16,153,134.5
403,0.47,13:58,154,134.5
404,0.47,13:49,153,134.5
405,0.47,14:07,152,135.2
406,0.47,14:16,152,135.2
407,0.47,14:07,152,135.2
408,0.47,14:16,152,135.2
409,0.47,14:25,152,135.2
410,0.47,13:49,152,135.2
411,0.47,14:07,153,135.2
412,0.48,15:14,153,135.2
413,0.48,15:57,153,135.2
414,0.48,15:57,154,135.2
415,0.48,15:46,155,135.2
416,0.48,15:04,155,135.2
417,0.48,13:32,155,135.2
418,0.48,12:53,155,135.2
419,0.48,12:32,156,135.2
420,0.49,12:32,156,135.2
421,0.49,12:25,156,135.2
422,0.49,12:39,156,135.2
423,0.49,12:39,155,135.2
424,0.49,12:53,155,135.2
425,0.49,13:08,155,135.2
426,0.49,13:41,155,135.2
427,0.49,14:16,154,135.8
428,0.49,15:14,154,135.8
429,0.5,15:35,153,135.8
430,0.5,15:35,152,135.8
431,0.5,15:35,149,135.2
432,0.5,14:44,147,135.2
433,0.5,13:58,143,135.2
434,0.5,13:49,139,135.2
435,0.5,13:32,133,135.8
436,0.5,13:16,134,135.8
437,0.51,13:24,134,135.8
438,0.51,13:58,134,135.8
439,0.51,13:41,134,135.8
440,0.51,13:41,134,135.8
441,0.51,13:16,134,136.5
442,0.51,13:16,133,136.5
443,0.51,12:18,139,136.5
444,0.51,12:25,143,136.5
445,0.52,13:16,144,137.1
446,0.52,14:07,146,136.5
447,0.52,13:24,148,136.5
448,0.52,13:24,151,137.1
449,0.52,13:08,151,137.1
450,0.52,12:25,153,137.1
451,0.52,12:18,153,137.1
452,0.52,13:32,155,137.1
453,0.53,14:07,155,137.1
454,0.53,14:44,156,137.1
455,0.53,15:24,156,137.1
456,0.53,15:04,155,136.5
457,0.53,14:25,155,137.1
458,0.53,14:54,154,137.1
459,0.53,15:24,154,137.1
460,0.53,15:14,153,137.1
461,0.53,15:14,152,137.1
462,0.54,14:54,151,137.1
463,0.54,14:54,152,137.1
464,0.54,14:07,152,137.1
465,0.54,14:07,153,137.1
466,0.54,14:34,153,137.8
467,0.54,15:14,153,137.8
468,0.54,15:35,153,137.8
469,0.54,15:14,153,137.8
470,0.54,15:04,152,137.8
471,0.55,14:54,152,137.8
472,0.55,15:35,152,137.8
473,0.55,13:58,152,137.8
474,0.55,14:25,152,137.8
475,0.55,14:44,153,138.5
476,0.55,14:07,152,138.5
477,0.55,13:32,152,138.5
478,0.55,14:44,152,138.5
479,0.56,14:16,151,138.5
480,0.56,13:24,151,138.5
481,0.56,14:54,152,138.5
482,0.56,14:25,152,138.5
483,0.56,14:44,152,138.5
484,0.56,15:04,153,138.5
485,0.56,16:21,153,138.5
486,0.56,15:14,153,138.5
487,0.56,15:35,153,138.5
488,0.56,15:57,153,138.5
489,0.57,15:35,153,138.5
490,0.57,14:54,151,138.5
491,0.57,13:58,150,138.5
492,0.57,13:16,150,138.5
493,0.57,12:11,150,138.5
494,0.57,12:53,151,138.5
495,0.57,13:01,151,139.1
496,0.57,13:49,152,139.1
497,0.58,14:25,152,139.1
498,0.58,15:04,151,139.1
499,0.58,13:16,151,139.1
500,0.58,12:39,150,139.1
501,0.58,12:18,149,139.1
502,0.58,12:11,148,139.1
503,0.58,12:04,148,139.1
504,0.59,13:16,148,139.8
505,0.59,14:07,148,139.8
506,0.59,14:34,148,139.8
507,0.59,14:54,149,139.8
508,0.59,16:21,150,139.8
509,0.59,17:11,149,139.8
510,0.59,17:11,150,139.8
511,0.59,16:09,150,139.8
512,0.59,16:09,151,139.8
513,0.59,14:07,151,139.8
514,0.6,13:32,151,139.8
515,0.6,13:24,151,139.8
516,0.6,13:32,151,139.8
517,0.6,13:16,151,139.8
518,0.6,13:41,150,139.8
519,0.6,13:16,150,139.8
520,0.6,12:46,149,139.8
521,0.6,13:24,149,139.8
522,0.61,13:01,149,139.8
523,0.61,13:16,149,139.8
524,0.61,13:49,149,139.8
525,0.61,14:25,151,139.8
526,0.61,13:49,150,139.8
527,0.61,14:25,151,139.8
528,0.61,14:54,150,139.8
529,0.61,15:04,149,139.8
530,0.62,14:16,150,139.8
531,0.62,14:25,150,139.8
532,0.62,14:34,151,139.8
533,0.62,14:16,152,139.8
534,0.62,14:07,151,139.8
535,0.62,14:25,152,140.4
536,0.62,13:58,152,140.4
537,0.62,13:24,152,140.4
538,0.63,13:01,152,141.1
539,0.63,12:53,152,141.1
540,0.63,13:08,151,141.1
541,0.63,14:44,152,141.1
542,0.63,15:46,151,141.1
543,0.63,15:57,151,141.1
544,0.63,15:46,150,141.1
545,0.63,15:35,150,141.1
546,0.63,14:44,150,141.7
547,0.63,15:14,151,141.7
548,0.64,16:33,151,141.7
549,0.64,16:09,152,141.7
550,0.64,15:35,152,141.7
551,0.64,14:44,153,141.7
552,0.64,12:32,154,141.7
553,0.64,11:58,154,141.7
554,0.64,12:32,152,141.7
555,0.64,13:41,152,141.1
556,0.65,13:41,151,141.1
557,0.65,16:09,150,141.7
558,0.65,15:35,150,141.7
559,0.65,14:54,150,141.7
560,0.65,14:07,150,141.7
561,0.65,15:35,150,141.7
562,0.65,13:58,150,141.7
563,0.65,14:25,151,141.7
564,0.65,15:04,152,141.7
565,0.66,15:46,152,141.7
566,0.66,14:44,152,141.1
567,0.66,15:24,153,141.7
568,0.66,15:14,153,141.7
569,0.66,14:07,153,141.7
570,0.66,13:58,153,141.7
571,0.66,14:16,153,141.7
572,0.66,14:44,155,141.7
573,0.66,15:24,155,141.1
574,0.67,15:35,155,141.1
575,0.67,14:44,155,141.1
576,0.67,13:49,155,141.1
577,0.67,13:32,156,141.1
578,0.67,13:32,156,141.1
579,0.67,14:34,156,141.7
580,0.67,16:33,155,141.7
581,0.67,17:25,154,141.7
582,0.67,17:38,155,141.7
583,0.68,17:52,154,141.7
584,0.68,17:11,153,142.4
585,0.68,15:14,153,142.4
586,0.68,14:34,153,142.4
587,0.68,14:16,153,142.4
588,0.68,12:53,154,142.4
589,0.68,12:39,154,142.4
590,0.68,12:53,153,142.4
591,0.69,13:08,154,142.4
592,0.69,13:08,155,142.4
593,0.69,13:24,156,142.4
594,0.69,13:16,155,142.4
595,0.69,13:41,155,142.4
596,0.69,13:58,155,142.4
597,0.69,14:16,155,142.4
598,0.69,15:35,155,142.4
599,0.69,15:57,155,142.4
600,0.7,15:14,155,143.0
601,0.7,16:33,155,143.0
602,0.7,17:11,155,143.0
603,0.7,15:46,155,143.0
604,0.7,15:14,155,143.0
605,0.7,15:24,155,143.0
606,0.7,14:16,155,143.0
607,0.7,13:32,156,143.0
608,0.7,13:58,156,143.0
609,0.71,13:58,155,143.7
610,0.71,13:49,156,143.7
611,0.71,13:41,155,143.7
612,0.71,14:16,154,144.4
613,0.71,14:07,154,144.4
614,0.71,13:58,153,144.4
615,0.71,13:49,153,145.0
616,0.71,13:32,153,145.0
617,0.72,13:32,153,145.0
618,0.72,13:49,153,145.0
619,0.72,15:35,153,145.0
620,0.72,16:45,154,145.0
621,0.72,18:07,154,145.7
622,0.72,18:37,154,145.7
623,0.72,17:25,153,145.7
624,0.72,15:46,153,145.7
625,0.72,14:25,153,145.7
626,0.72,13:58,152,146.3
627,0.73,13:24,152,146.3
628,0.73,13:58,151,146.3
629,0.73,14:25,150,147.0
630,0.73,14:44,150,147.0
631,0.73,15:14,150,147.0
632,0.73,15:04,151,147.6
633,0.73,15:14,151,147.6
634,0.73,15:35,152,147.6
635,0.73,15:46,152,147.6
636,0.74,15:14,153,147.6
637,0.74,15:46,153,147.6
638,0.74,16:33,153,147.6
639,0.74,16:09,153,147.6
640,0.74,17:52,152,148.3
641,0.74,20:19,152,148.3
642,0.74,19:43,151,148.3
643,0.74,20:19,151,148.3
644,0.74,20:01,152,148.3
645,0.74,17:52,152,149.0
646,0.75,15:46,152,149.0
647,0.75,15:46,150,149.0
648,0.75,14:34,149,149.0
649,0.75,14:34,148,149.0
650,0.75,15:35,148,149.6
651,0.75,16:09,148,149.6
652,0.75,16:21,148,149.6
653,0.75,16:09,147,149.6
654,0.75,15:57,148,149.6
655,0.75,15:14,148,149.6
656,0.76,15:04,148,149.6
657,0.76,15:04,149,150.3
658,0.76,15:04,149,150.3
659,0.76,14:25,149,150.3
660,0.76,14:07,149,150.3
661,0.76,14:25,149,150.9
662,0.76,14:54,149,150.9
663,0.76,14:54,149,150.9
664,0.76,16:09,150,150.9
665,0.77,17:25,149,150.9
666,0.77,17:11,149,150.9
667,0.77,16:21,149,150.9
668,0.77,16:33,150,151.6
669,0.77,15:57,150,151.6
670,0.77,14:07,150,152.2
671,0.77,14:16,150,152.2
672,0.77,14:16,150,152.2
673,0.77,14:07,150,152.2
674,0.78,13:49,150,152.9
675,0.78,15:35,151,152.9
676,0.78,15:57,151,152.9
677,0.78,16:33,151,152.9
678,0.78,16:45,150,152.9
679,0.78,17:25,151,152.2
680,0.78,15:35,151,152.2
681,0.78,15:14,151,152.9
682,0.78,14:44,151,152.9
683,0.79,15:04,151,152.9
684,0.79,14:25,151,152.9
685,0.79,14:44,151,152.9
686,0.79,13:58,152,152.9
687,0.79,13:49,152,152.9
688,0.79,13:16,153,152.9
689,0.79,13:58,153,152.9
690,0.79,14:25,154,153.5
691,0.79,15:24,154,153.5
692,0.8,15:04,154,153.5
693,0.8,14:34,154,153.5
694,0.8,13:32,153,153.5
695,0.8,13:01,152,154.2
696,0.8,12:11,151,154.2
697,0.8,12:04,150,154.2
698,0.8,13:01,149,154.9
699,0.8,13:49,150,154.9
700,0.81,13:41,150,154.9
701,0.81,13:58,150,155.5
702,0.81,13:49,151,155.5
703,0.81,12:46,151,155.5
704,0.81,12:46,152,155.5
705,0.81,13:01,152,155.5
706,0.81,13:32,152,155.5
707,0.81,14:34,151,155.5
708,0.82,15:35,151,156.2
709,0.82,15:24,152,156.2
710,0.82,15:04,152,156.2
711,0.82,14:44,153,156.8
712,0.82,14:54,154,156.8
713,0.82,15:04,154,156.8
714,0.82,15:57,155,156.8
715,0.82,17:52,155,157.5
716,0.82,19:09,155,157.5
717,0.82,18:37,154,157.5
718,0.83,17:11,154,158.1
719,0.83,16:09,154,158.1
720,0.83,15:14,153,158.1
721,0.83,13:58,153,158.8
722,0.83,13:49,153,158.8
723,0.83,14:16,153,158.1
724,0.83,14:16,153,158.1
725,0.83,14:34,153,158.1
726,0.83,15:14,153,158.1
727,0.84,15:24,152,158.1
728,0.84,15:46,152,158.1
729,0.84,16:09,151,158.8
730,0.84,16:58,152,158.8
731,0.84,15:14,152,158.8
732,0.84,15:04,152,158.8
733,0.84,14:34,151,159.4
734,0.84,14:07,150,159.4
735,0.84,13:49,151,159.4
736,0.85,15:14,151,159.4
737,0.85,15:24,151,158.8
738,0.85,15:46,151,158.8
739,0.85,14:54,150,158.8
740,0.85,14:34,151,158.8
741,0.85,14:16,151,158.8
742,0.85,14:25,151,159.4
743,0.85,14:44,152,159.4
744,0.85,15:46,152,159.4
745,0.86,15:46,152,159.4
746,0.86,16:21,152,159.4
747,0.86,16:45,153,159.4
748,0.86,15:57,153,159.4
749,0.86,15:57,153,159.4
750,0.86,16:21,154,159.4
751,0.86,15:57,153,159.4
752,0.86,13:08,153,159.4
753,0.87,13:01,154,159.4
754,0.87,12:53,154,159.4
755,0.87,11:45,153,159.4
756,0.87,11:52,154,159.4
757,0.87,13:49,154,159.4
758,0.87,14:34,154,159.4
759,0.87,14:54,154,159.4
760,0.87,16:21,154,159.4
761,0.87,16:33,153,159.4
762,0.87,16:33,153,159.4
763,0.88,16:58,153,159.4
764,0.88,17:11,152,159.4
765,0.88,15:46,152,159.4
766,0.88,14:54,152,159.4
767,0.88,14:25,152,159.4
768,0.88,13:08,152,159.4
769,0.88,12:39,152,159.4
770,0.88,14:07,152,159.4
771,0.89,14:34,152,159.4
772,0.89,15:04,151,159.4
773,0.89,16:21,151,159.4
774,0.89,16:58,151,159.4
775,0.89,15:46,150,158.8
776,0.89,15:57,150,159.4
777,0.89,15:04,150,159.4
778,0.89,15:46,151,159.4
779,0.89,15:14,150,159.4
780,0.89,15:46,150,159.4
781,0.9,16:21,150,159.4
782,0.9,16:58,151,158.8
783,0.9,15:57,151,158.8
784,0.9,17:38,151,158.8
785,0.9,19:26,150,159.4
786,0.9,21:17,150,159.4
787,0.9,20:19,149,159.4
788,0.9,19:43,149,159.4
789,0.9,17:38,149,159.4
790,0.9,15:24,149,158.8
791,0.91,13:08,148,158.8
792,0.91,13:32,148,158.8
793,0.91,13:08,148,158.8
794,0.91,13:08,148,158.8
795,0.91,13:01,149,158.8
796,0.91,13:08,149,159.4
797,0.91,12:04,149,159.4
798,0.91,12:39,149,159.4
799,0.92,12:53,149,159.4
800,0.92,13:16,150,159.4
801,0.92,13:41,150,160.1
802,0.92,15:04,150,160.1
803,0.92,15:24,151,160.1
804,0.92,15:35,151,160.1
805,0.92,15:46,151,160.1
806,0.92,16:45,149,160.8
807,0.92,16:45,149,160.8
808,0.93,16:33,150,160.8
809,0.93,16:45,150,160.8
810,0.93,16:09,150,160.8
811,0.93,15:24,151,161.4
812,0.93,14:54,152,161.4
813,0.93,13:58,152,162.1
814,0.93,13:01,153,162.1
815,0.93,13:49,152,162.1
816,0.93,14:25,152,162.1
817,0.94,15:35,152,162.1
818,0.94,16:21,152,162.1
819,0.94,17:52,152,162.1
820,0.94,16:21,152,162.7
821,0.94,15:24,151,162.7
822,0.94,14:34,151,162.7
823,0.94,14:44,151,162.7
824,0.94,14:16,151,162.7
825,0.94,15:04,150,162.7
826,0.94,16:21,151,163.4
827,0.95,17:11,152,163.4
828,0.95,17:11,152,163.4
829,0.95,16:58,152,163.4
830,0.95,15:24,152,164.0
831,0.95,14:07,152,164.0
832,0.95,13:41,153,164.0
833,0.95,13:24,153,164.0
834,0.95,13:58,154,164.0
835,0.95,15:46,154,164.0
836,0.96,16:58,153,164.0
837,0.96,17:25,152,164.7
838,0.96,17:38,151,164.7
839,0.96,17:11,151,165.4
840,0.96,15:57,151,165.4
841,0.96,15:14,151,165.4
842,0.96,15:14,150,166.0
843,0.96,15:04,150,166.0
844,0.96,14:16,151,166.0
845,0.97,13:49,152,166.0
846,0.97,14:07,152,166.0
847,0.97,13:49,153,166.7
848,0.97,13:41,154,166.7
849,0.97,13:58,154,166.7
850,0.97,14:54,154,166.7
851,0.97,15:35,154,166.7
852,0.97,15:57,154,166.7
853,0.97,16:45,154,166.7
854,0.98,16:45,154,166.7
855,0.98,16:09,154,166.7
856,0.98,15:35,154,166.7
857,0.98,15:57,153,167.3
858,0.98,15:14,154,167.3
859,0.98,15:46,154,167.3
860,0.98,16:09,154,168.0
861,0.98,14:25,154,168.0
862,0.98,14:16,154,168.0
863,0.99,15:04,154,168.0
864,0.99,15:46,153,168.6
865,0.99,15:35,152,168.6
866,0.99,16:58,152,168.6
867,0.99,16:09,153,168.6
868,0.99,15:35,154,168.6
869,0.99,15:04,154,168.6
870,0.99,14:07,154,168.6
871,0.99,13:49,154,169.3
872,1.0,13:58,154,169.3
873,1.0,13:08,155,169.3
874,1.0,13:08,155,169.3
875,1.0,13:58,156,169.9
876,1.0,14:44,155,169.9
877,1.0,13:49,156,169.9
878,1.0,14:44,157,169.9
879,1.0,13:24,157,169.9
880,1.01,12:46,157,169.9
881,1.01,13:01,157,170.6
882,1.01,14:16,158,170.6
883,1.01,14:25,157,170.6
884,1.01,16:21,156,170.6
885,1.01,17:11,156,170.6
886,1.01,16:45,156,170.6
887,1.01,16:21,157,170.6
888,1.01,15:35,157,171.3
889,1.02,14:54,157,171.3
890,1.02,14:07,156,171.3
891,1.02,12:39,156,171.3
892,1.02,12:18,156,171.3
893,1.02,13:08,156,171.3
894,1.02,13:16,156,171.3
895,1.02,14:44,157,171.3
896,1.02,16:45,156,171.9
897,1.02,17:11,155,171.9
898,1.03,15:57,155,171.9
899,1.03,15:46,155,172.6
900,1.03,15:46,156,172.6
901,1.03,15:24,156,172.6
902,1.03,15:35,156,172.6
903,1.03,16:58,156,172.6
904,1.03,16:33,155,172.6
905,1.03,15:14,154,172.6
906,1.03,15:04,154,172.6
907,1.04,14:44,154,173.2
908,1.04,14:25,153,173.2
909,1.04,14:54,152,173.2
910,1.04,15:14,152,173.2
911,1.04,14:54,153,173.9
912,1.04,14:44,154,173.9
913,1.04,14:07,154,173.9
914,1.04,12:46,155,173.9
915,1.04,12:53,156,173.9
916,1.05,13:58,156,173.9
917,1.05,14:16,157,173.9
918,1.05,16:45,157,173.9
919,1.05,18:53,157,173.9
920,1.05,18:07,158,173.9
921,1.05,15:24,157,173.9
922,1.05,15:35,157,173.9
923,1.05,13:16,157,173.9
924,1.05,13:58,158,173.9
925,1.06,13:49,158,173.9
926,1.06,13:49,159,174.5
927,1.06,13:24,158,174.5
928,1.06,14:07,159,174.5
929,1.06,13:01,158,174.5
930,1.06,13:32,159,174.5
931,1.06,14:07,158,174.5
932,1.06,14:44,158,174.5
933,1.07,13:49,158,175.2
934,1.07,14:44,158,175.2
935,1.07,14:07,159,175.2
936,1.07,14:54,159,175.2
937,1.07,14:34,158,175.2
938,1.07,14:07,158,175.9
939,1.07,13:24,158,175.9
940,1.07,14:34,158,175.9
941,1.07,14:54,158,175.9
942,1.07,15:35,158,175.9
943,1.08,18:22,157,175.9
944,1.08,18:37,158,175.9
945,1.08,16:09,158,175.9
946,1.08,15:35,158,176.5
947,1.08,15:24,158,176.5
948,1.08,14:07,158,176.5
949,1.08,14:34,159,176.5
950,1.08,15:35,160,175.9
951,1.08,15:04,159,176.5
952,1.09,13:58,159,176.5
953,1.09,14:34,158,176.5
954,1.09,14:34,157,176.5
955,1.09,14:16,156,176.5
956,1.09,15:04,155,176.5
957,1.09,15:46,155,176.5
958,1.09,16:33,155,176.5
959,1.09,16:33,155,177.2
960,1.09,17:38,155,177.2
961,1.1,17:11,156,177.2
962,1.1,17:25,156,177.2
963,1.1,16:33,156,177.2
964,1.1,15:57,155,177.8
965,1.1,15:35,155,177.8
966,1.1,14:44,154,177.8
967,1.1,14:34,154,177.8
968,1.1,13:32,153,177.8
969,1.1,13:16,153,177.8
970,1.11,13:16,154,177.8
971,1.11,13:32,153,177.8
972,1.11,13:08,153,177.8
973,1.11,14:07,154,177.8
974,1.11,15:04,155,177.8
975,1.11,15:14,154,177.8
976,1.11,15:57,154,178.5
977,1.11,17:25,155,178.5
978,1.11,16:09,156,178.5
979,1.12,17:11,155,178.5
980,1.12,18:07,155,178.5
981,1.12,18:07,155,178.5
982,1.12,16:58,156,178.5
983,1.12,17:11,154,178.5
984,1.12,15:14,154,178.5
985,1.12,14:07,154,178.5
986,1.12,14:16,154,179.1
987,1.12,14:25,153,179.1
988,1.12,15:04,153,179.1
989,1.13,16:21,154,179.1
990,1.13,15:57,154,179.1
991,1.13,14:54,155,179.1
992,1.13,15:14,154,179.1
993,1.13,14:44,156,179.1
994,1.13,14:34,156,179.8
995,1.13,14:54,156,179.8
996,1.13,14:54,156,180.4
997,1.14,13:49,157,180.4
998,1.14,13:41,157,180.4
999,1.14,13:16,157,181.1
1000,1.14,13:32,157,181.1
1001,1.14,13:32,157,181.1
1002,1.14,14:25,157,181.1
1003,1.14,14:34,157,181.1
1004,1.14,14:07,156,181.1
1005,1.14,14:25,156,181.1
1006,1.15,15:35,155,181.1
1007,1.15,15:14,155,181.1
1008,1.15,15:35,155,181.1
1009,1.15,16:45,155,181.1
1010,1.15,15:46,155,181.8
1011,1.15,15:46,155,181.8
1012,1.15,16:09,155,181.8
1013,1.15,15:24,155,182.4
1014,1.15,14:07,155,182.4
1015,1.16,14:07,155,182.4
1016,1.16,12:53,155,182.4
1017,1.16,12:04,155,182.4
1018,1.16,11:52,155,182.4
1019,1.16,12:32,156,182.4
1020,1.16,12:53,156,182.4
1021,1.16,13:41,156,182.4
1022,1.16,15:24,156,182.4
1023,1.17,17:11,156,182.4
1024,1.17,17:11,156,182.4
1025,1.17,17:11,156,182.4
1026,1.17,16:45,156,182.4
1027,1.17,16:58,156,182.4
1028,1.17,15:14,157,182.4
1029,1.17,14:34,157,183.1
1030,1.17,13:49,156,183.1
1031,1.17,13:41,156,183.7
1032,1.18,12:39,155,183.7
1033,1.18,13:32,155,183.7
1034,1.18,14:34,155,183.7
1035,1.18,15:24,155,183.7
1036,1.18,15:57,156,183.7
1037,1.18,15:35,155,183.7
1038,1.18,15:24,155,183.7
1039,1.18,14:44,155,184.4
1040,1.18,14:44,157,184.4
1041,1.19,14:34,157,184.4
1042,1.19,15:04,157,184.4
1043,1.19,15:24,156,184.4
1044,1.19,14:34,157,184.4
1045,1.19,14:16,158,184.4
1046,1.19,13:58,158,184.4
1047,1.19,13:58,157,184.4
1048,1.19,14:07,158,185.0
1049,1.19,14:16,158,185.0
1050,1.2,14:07,159,185.0
1051,1.2,13:49,157,185.0
1052,1.2,13:49,157,185.0
1053,1.2,13:32,157,185.0
1054,1.2,14:07,155,185.7
1055,1.2,14:25,153,185.7
1056,1.2,16:09,151,185.7
1057,1.2,15:57,149,185.7
1058,1.21,14:34,146,185.7
1059,1.21,13:58,142,185.7
1060,1.21,13:41,143,185.7
1061,1.21,12:39,144,185.7
1062,1.21,13:08,144,185.7
1063,1.21,13:58,144,186.4
1064,1.21,14:34,144,186.4
1065,1.21,14:54,144,186.4
1066,1.21,15:46,144,186.4
1067,1.22,15:04,144,186.4
1068,1.22,15:04,144,186.4
1069,1.22,14:34,144,186.4
1070,1.22,14:54,144,186.4
1071,1.22,14:54,144,186.4
1072,1.22,14:54,144,186.4
1073,1.22,14:44,144,186.4
1074,1.22,14:44,144,186.4
1075,1.22,14:34,144,187.0
1076,1.23,14:07,144,187.0
1077,1.23,14:16,144,187.7
1078,1.23,13:58,144,187.7
1079,1.23,14:44,144,187.7
1080,1.23,14:34,144,188.3
1081,1.23,15:14,145,188.3
1082,1.23,16:09,145,188.3
1083,1.23,16:21,146,188.3
1084,1.23,15:57,146,189.0
1085,1.24,15:57,147,188.3
1086,1.24,15:04,148,188.3
1087,1.24,14:16,150,188.3
1088,1.24,14:44,151,189.0
1089,1.24,14:16,152,189.0
1090,1.24,13:58,154,189.6
1091,1.24,14:07,156,190.3
1092,1.24,14:34,156,190.3
1093,1.24,14:16,157,190.3
1094,1.25,14:25,158,190.9
1095,1.25,14:34,158,190.9
1096,1.25,14:25,158,190.9
1097,1.25,13:24,158,191.6
1098,1.25,13:24,158,191.6
1099,1.25,13:41,159,191.6
1100,1.25,13:49,158,191.6
1101,1.25,13:58,158,191.6
1102,1.26,14:34,157,191.6
1103,1.26,14:25,157,191.6
1104,1.26,14:25,158,191.6
1105,1.26,14:07,158,191.6
1106,1.26,13:49,157,191.6
1107,1.26,14:07,157,191.6
1108,1.26,14:16,157,192.3
1109,1.26,14:34,156,192.3
1110,1.27,14:25,157,192.3
1111,1.27,14:54,157,192.3
1112,1.27,14:07,158,192.3
1113,1.27,13:49,158,192.9
1114,1.27,13:32,158,192.9
1115,1.27,13:49,157,192.9
1116,1.27,14:44,157,192.9
1117,1.27,15:35,158,192.9
1118,1.27,15:04,157,192.9
1119,1.28,14:16,157,193.6
1120,1.28,14:44,157,193.6
1121,1.28,14:16,157,193.6
1122,1.28,14:07,157,194.2
1123,1.28,14:44,156,194.2
1124,1.28,16:33,155,193.6
1125,1.28,16:09,155,193.6
1126,1.28,15:04,155,193.6
1127,1.28,15:24,155,193.6
1128,1.29,15:14,155,193.6
1129,1.29,14:07,154,194.2
1130,1.29,14:07,153,194.2
1131,1.29,15:14,154,194.2
1132,1.29,14:34,154,194.2
1133,1.29,15:14,154,194.2
1134,1.29,16:33,154,194.2
1135,1.29,16:21,155,194.2
1136,1.29,14:34,155,194.2
1137,1.3,14:54,155,194.2
1138,1.3,15:35,155,194.9
1139,1.3,13:58,156,194.9
1140,1.3,13:41,157,194.9
1141,1.3,15:14,157,194.9
1142,1.3,16:21,157,194.9
1143,1.3,15:14,158,194.9
1144,1.3,16:21,157,194.9
1145,1.3,16:33,157,195.5
1146,1.31,15:14,158,195.5
1147,1.31,14:44,158,195.5
1148,1.31,15:04,158,195.5
1149,1.31,14:34,158,195.5
1150,1.31,14:44,158,195.5
1151,1.31,14:34,158,195.5
1152,1.31,13:58,158,194.9
1153,1.31,12:18,158,194.9
1154,1.32,12:25,158,194.9
1155,1.32,13:08,159,194.9
1156,1.32,13:41,158,195.5
1157,1.32,13:41,158,195.5
1158,1.32,15:14,158,196.2
1159,1.32,15:46,157,196.2
1160,1.32,14:07,157,196.2
1161,1.32,14:07,157,196.2
1162,1.32,14:16,157,195.5
1163,1.33,14:25,158,195.5
1164,1.33,13:41,158,195.5
1165,1.33,14:25,157,195.5
1166,1.33,14:34,157,195.5
1167,1.33,14:07,157,195.5
1168,1.33,14:44,157,195.5
1169,1.33,16:09,157,195.5
1170,1.33,16:21,157,195.5
1171,1.33,17:11,158,195.5
1172,1.33,20:01,158,196.2
1173,1.34,18:22,159,196.2
1174,1.34,17:38,159,196.2
1175,1.34,17:52,160,196.2
1176,1.34,15:46,160,196.2
1177,1.34,14:07,160,196.2
1178,1.34,14:07,160,196.2
1179,1.34,13:01,160,196.2
1180,1.34,12:39,161,196.2
1181,1.35,12:53,160,196.2
1182,1.35,12:25,159,196.2
1183,1.35,12:25,159,196.2
1184,1.35,13:01,158,196.2
1185,1.35,13:24,158,196.2
1186,1.35,13:49,159,196.2
1187,1.35,14:25,159,196.9
1188,1.35,14:25,159,196.9
1189,1.36,14:16,160,196.9
1190,1.36,13:58,159,197.5
1191,1.36,13:49,159,197.5
1192,1.36,14:25,159,197.5
1193,1.36,14:54,158,197.5
1194,1.36,14:34,159,197.5
1195,1.36,14:25,158,198.2
1196,1.36,14:34,158,198.2
1197,1.36,14:07,158,198.2
1198,1.37,13:32,158,198.2
1199,1.37,12:39,158,198.2
1200,1.37,12:32,157,198.2
1201,1.37,12:32,157,198.2
1202,1.37,12:32,157,198.2
1203,1.37,13:24,156,198.2
1204,1.37,15:14,156,198.2
1205,1.37,15:14,156,198.8
1206,1.38,15:04,156,198.8
1207,1.38,15:24,155,198.8
1208,1.38,14:44,155,198.8
1209,1.38,14:25,155,198.8
1210,1.38,14:54,155,199.5
1211,1.38,14:54,154,199.5
1212,1.38,14:54,154,199.5
1213,1.38,14:25,155,199.5
1214,1.38,15:04,155,199.5
1215,1.39,14:54,155,200.1
1216,1.39,15:24,154,200.1
1217,1.39,15:57,155,200.1
1218,1.39,17:11,156,200.1
1219,1.39,16:58,156,200.1
1220,1.39,17:52,156,200.1
1221,1.39,16:58,156,200.1
1222,1.39,16:33,156,200.8
1223,1.39,15:57,156,200.8
1224,1.39,15:24,156,200.8
1225,1.4,15:35,156,200.1
1226,1.4,15:46,156,200.1
1227,1.4,13:41,155,200.1
1228,1.4,13:49,156,200.1
1229,1.4,14:54,155,200.1
1230,1.4,13:32,155,200.1
1231,1.4,14:16,156,200.1
1232,1.4,18:07,156,200.8
1233,1.4,18:53,155,200.8
1234,1.4,16:58,155,200.8
1235,1.41,18:07,155,200.8
1236,1.41,17:52,154,200.8
1237,1.41,16:45,154,200.1
1238,1.41,17:52,154,200.1
1239,1.41,18:53,154,200.1
1240,1.41,18:22,153,200.1
1241,1.41,17:38,153,200.1
1242,1.41,17:38,153,200.8
1243,1.41,16:33,152,200.8
1244,1.41,17:11,152,200.8
1245,1.41,19:09,151,200.1
1246,1.42,21:17,151,200.1
1247,1.42,21:59,150,200.1
1248,1.42,21:17,149,200.1
1249,1.42,22:43,148,200.1
1250,1.42,23:31,147,200.1
1251,1.42,23:56,147,200.1
1252,1.42,24:23,146,200.1
1253,1.42,35:17,145,200.1
1254,1.42,21:59,144,200.1
1255,1.42,19:26,144,200.1
1256,1.42,18:53,143,199.5
1257,1.42,19:43,142,199.5
1258,1.42,16:33,142,199.5
1259,1.43,20:57,141,199.5
1260,1.43,21:37,140,198.8
1261,1.43,21:17,141,198.8
1262,1.43,20:37,140,198.8
1263,1.43,21:59,139,198.8
1264,1.43,23:31,138,198.8
1265,1.43,24:23,137,198.8
1266,1.43,23:07,137,198.2
1267,1.43,23:31,139,198.2
1268,1.43,22:43,138,198.2
1269,1.43,24:50,136,198.2
1270,1.43,25:47,134,198.2
1271,1.43,27:22,132,197.5
1272,1.44,23:07,130,197.5
1273,1.44,21:37,129,197.5
1274,1.44,19:26,128,197.5
1275,1.44,20:01,128,196.9
1276,1.44,19:09,127,196.9
1277,1.44,20:57,127,197.5
1278,1.44,20:01,126,197.5
1279,1.44,18:37,127,197.5
1280,1.44,16:58,126,197.5
1281,1.44,18:07,125,197.5
1282,1.44,19:09,124,197.5
1283,1.44,18:53,125,197.5
1284,1.45,19:43,126,197.5
1285,1.45,20:01,127,197.5
1286,1.45,18:53,125,197.5
1287,1.45,18:22,124,197.5
1288,1.45,21:17,121,197.5
1289,1.45,23:31,121,196.9
1290,1.45,25:47,119,196.9
1291,1.45,26:49,118,196.9
1292,1.45,22:21,119,196.9
1293,1.45,18:53,120,196.9
1294,1.45,16:45,123,196.9
1295,1.46,15:04,125,196.9
1296,1.46,14:07,126,196.2
1297,1.46,15:24,126,196.2
1298,1.46,15:35,125,196.2
1299,1.46,14:07,128,196.2
1300,1.46,14:44,128,196.2
1301,1.46,14:44,128,196.2
1302,1.46,13:16,128,196.2
1303,1.46,13:24,128,196.2
1304,1.47,13:58,130,196.2
1305,1.47,13:16,131,196.2
1306,1.47,13:01,132,196.2
1307,1.47,13:08,131,196.9
1308,1.47,12:53,130,196.9
1309,1.47,12:53,131,196.9
1310,1.47,13:08,131,196.2
1311,1.47,13:32,132,196.2
1312,1.48,14:07,133,196.2
1313,1.48,13:32,135,196.2
1314,1.48,13:32,134,196.2
1315,1.48,13:16,134,196.2
1316,1.48,12:46,134,196.9
1317,1.48,12:39,134,196.9
1318,1.48,13:41,136,196.9
1319,1.48,14:25,137,196.9
1320,1.49,14:44,137,196.9
1321,1.49,16:33,138,196.9
1322,1.49,16:58,139,196.9
1323,1.49,16:33,140,196.9
1324,1.49,16:45,140,197.5
1325,1.49,16:58,140,197.5
1326,1.49,15:14,142,197.5
1327,1.49,14:44,142,197.5
1328,1.49,14:16,143,197.5
1329,1.5,13:08,143,197.5
1330,1.5,12:25,143,198.2
1331,1.5,12:39,144,198.2
1332,1.5,12:39,145,198.2
1333,1.5,12:39,145,198.2
1334,1.5,14:44,146,198.8
1335,1.5,17:11,148,198.8
1336,1.5,18:37,148,198.8
1337,1.5,20:37,148,198.8
1338,1.5,21:59,148,198.8
1339,1.51,20:37,150,198.8
1340,1.51,20:01,150,198.8
1341,1.51,21:17,151,198.8
1342,1.51,22:21,150,198.8
1343,1.51,24:23,150,198.2
1344,1.51,23:56,151,198.2
1345,1.51,24:23,152,198.2
1346,1.51,20:57,151,198.2
1347,1.51,17:11,151,197.5
1348,1.51,16:09,150,197.5
1349,1.51,14:34,150,197.5
1350,1.52,13:08,148,197.5
1351,1.52,13:01,149,197.5
1352,1.52,12:53,147,197.5
1353,1.52,12:25,148,196.9
1354,1.52,13:08,148,196.9
1355,1.52,13:32,148,196.9
1356,1.52,13:01,148,196.2
1357,1.52,13:32,148,196.2
1358,1.53,13:58,149,196.2
1359,1.53,13:32,149,195.5
1360,1.53,12:39,149,195.5
1361,1.53,13:49,150,194.9
1362,1.53,14:07,151,194.2
1363,1.53,13:58,153,194.2
1364,1.53,15:14,152,193.6
1365,1.53,16:33,153,193.6
1366,1.53,15:24,153,192.9
1367,1.54,14:25,153,192.9
1368,1.54,14:34,153,192.9
1369,1.54,13:24,154,192.3
1370,1.54,13:08,153,192.3
1371,1.54,13:16,153,192.3
1372,1.54,13:58,153,192.3
1373,1.54,14:44,153,191.6
1374,1.54,15:35,152,191.6
1375,1.55,16:09,151,191.6
1376,1.55,17:38,151,191.6
1377,1.55,17:11,150,190.9
1378,1.55,16:33,149,190.9
1379,1.55,14:54,149,190.9
1380,1.55,14:25,149,190.3
1381,1.55,13:16,149,189.6
1382,1.55,13:32,149,189.6
1383,1.55,13:01,150,189.6
1384,1.56,14:07,150,189.0
1385,1.56,13:49,150,189.0
1386,1.56,13:58,151,189.0
1387,1.56,13:32,151,189.0
1388,1.56,13:58,151,188.3
1389,1.56,13:58,152,188.3
1390,1.56,14:25,152,188.3
1391,1.56,14:07,153,188.3
1392,1.56,15:04,153,188.3
1393,1.57,14:25,154,188.3
1394,1.57,14:34,154,187.7
1395,1.57,14:34,156,187.7
1396,1.57,14:44,156,187.7
1397,1.57,14:25,153,187.0
1398,1.57,15:14,153,187.0
1399,1.57,13:49,153,187.0
1400,1.57,13:49,153,187.0
1401,1.58,14:16,152,187.0
1402,1.58,13:01,153,187.0
1403,1.58,12:39,154,187.0
1404,1.58,13:41,154,187.0
1405,1.58,13:24,155,187.0
1406,1.58,12:53,156,187.0
1407,1.58,13:58,156,187.0
1408,1.58,13:41,156,186.4
1409,1.59,12:53,156,186.4
1410,1.59,12:39,156,186.4
1411,1.59,11:58,156,185.7
1412,1.59,11:52,156,185.7
1413,1.59,12:25,156,185.7
1414,1.59,12:53,157,185.7
1415,1.59,13:08,157,185.7
1416,1.59,13:58,158,185.7
1417,1.6,13:49,157,186.4
1418,1.6,12:46,158,186.4
1419,1.6,12:46,159,186.4
1420,1.6,13:16,159,186.4
1421,1.6,13:58,160,186.4
1422,1.6,14:16,159,186.4
1423,1.6,15:14,159,186.4
1424,1.6,15:24,159,186.4
1425,1.61,15:14,158,186.4
1426,1.61,14:44,159,187.0
1427,1.61,14:44,159,187.0
1428,1.61,13:08,159,187.0
1429,1.61,13:08,158,187.0
1430,1.61,12:53,159,187.7
1431,1.61,12:25,159,187.7
1432,1.61,12:11,160,187.7
1433,1.62,13:16,159,187.7
1434,1.62,12:46,160,187.7
1435,1.62,12:39,159,187.7
1436,1.62,13:01,159,187.7
1437,1.62,13:01,158,187.7
1438,1.62,12:39,158,187.7
1439,1.62,12:39,157,187.7
1440,1.63,11:58,157,188.3
1441,1.63,11:39,159,188.3
1442,1.63,11:45,159,187.7
1443,1.63,12:18,159,187.7
1444,1.63,12:25,159,187.7
1445,1.63,13:49,159,187.7
1446,1.63,14:16,159,187.7
1447,1.63,13:58,159,187.7
1448,1.64,13:49,159,187.7
1449,1.64,14:44,159,188.3
1450,1.64,14:16,160,188.3
1451,1.64,13:49,161,188.3
1452,1.64,14:25,160,188.3
1453,1.64,14:34,160,188.3
1454,1.64,13:08,160,188.3
1455,1.64,12:53,159,188.3
1456,1.64,13:32,158,188.3
1457,1.65,13:16,158,188.3
1458,1.65,13:08,158,188.3
1459,1.65,14:25,158,187.7
1460,1.65,15:04,158,187.7
1461,1.65,15:04,159,187.7
1462,1.65,15:24,159,187.7
1463,1.65,15:24,159,187.7
1464,1.65,14:54,159,187.7
1465,1.65,14:54,159,187.7
1466,1.66,15:14,159,187.7
1467,1.66,15:24,159,187.7
1468,1.66,15:35,159,187.7
1469,1.66,14:44,160,187.7
1470,1.66,15:04,160,187.7
1471,1.66,14:16,160,187.0
1472,1.66,13:41,159,187.0
1473,1.66,13:49,158,186.4
1474,1.67,14:25,157,186.4
1475,1.67,13:49,157,186.4
1476,1.67,13:49,156,186.4
1477,1.67,13:49,156,185.7
1478,1.67,13:01,156,185.7
1479,1.67,13:01,156,185.7
1480,1.67,12:46,156,185.7
1481,1.67,12:32,156,185.7
1482,1.68,12:39,156,185.7
1483,1.68,13:01,157,185.7
1484,1.68,13:08,156,185.7
1485,1.68,13:08,156,185.0
1486,1.68,13:41,156,185.0
1487,1.68,14:25,156,185.0
1488,1.68,14:25,156,185.0
1489,1.68,14:25,156,185.0
1490,1.68,15:04,156,185.0
1491,1.69,15:14,156,185.0
1492,1.69,14:44,157,184.4
1493,1.69,15:24,156,184.4
1494,1.69,16:09,155,184.4
1495,1.69,15:24,155,184.4
1496,1.69,14:25,154,184.4
1497,1.69,14:16,154,184.4
1498,1.69,13:49,153,184.4
1499,1.7,13:16,153,184.4
1500,1.7,13:24,153,184.4
1501,1.7,13:24,153,184.4
1502,1.7,13:01,153,184.4
1503,1.7,12:11,152,184.4
1504,1.7,11:45,151,184.4
1505,1.7,11:39,151,183.7
1506,1.7,12:11,151,184.4
1507,1.71,12:18,151,184.4
1508,1.71,13:16,151,184.4
1509,1.71,13:32,151,184.4
1510,1.71,13:32,151,183.7
1511,1.71,13:01,150,183.7
1512,1.71,12:53,150,183.7
1513,1.71,13:01,149,183.7
1514,1.71,13:01,149,183.7
1515,1.72,12:25,149,183.7
1516,1.72,13:08,149,183.7
1517,1.72,14:07,149,183.7
1518,1.72,14:34,151,183.7
1519,1.72,15:14,151,183.7
1520,1.72,15:46,153,183.7
1521,1.72,14:44,152,183.7
1522,1.72,14:07,154,183.7
1523,1.73,13:49,154,183.7
1524,1.73,13:32,155,183.7
1525,1.73,13:49,155,183.7
1526,1.73,14:44,156,183.7
1527,1.73,15:04,156,183.7
1528,1.73,14:16,156,183.7
1529,1.73,13:49,157,183.7
1530,1.73,14:07,157,183.7
1531,1.73,13:16,157,183.7
1532,1.74,13:01,157,183.7
1533,1.74,13:41,157,183.7
1534,1.74,13:49,157,183.7
1535,1.74,14:07,156,183.7
1536,1.74,14:16,157,183.7
1537,1.74,14:25,157,183.7
1538,1.74,14:16,157,183.7
1539,1.74,14:44,157,183.7
1540,1.75,14:25,157,183.7
1541,1.75,15:04,156,183.7
1542,1.75,14:54,156,183.7
1543,1.75,15:04,156,183.7
1544,1.75,14:44,156,183.7
1545,1.75,14:54,156,183.7
1546,1.75,14:16,156,183.7
1547,1.75,14:34,156,184.4
1548,1.75,13:58,156,184.4
1549,1.76,14:34,156,184.4
1550,1.76,14:34,157,184.4
1551,1.76,14:44,157,184.4
1552,1.76,14:25,157,184.4
1553,1.76,14:54,157,184.4
1554,1.76,15:04,157,184.4
1555,1.76,14:54,158,184.4
1556,1.76,15:04,157,184.4
1557,1.76,15:46,156,183.7
1558,1.77,15:14,156,183.7
1559,1.77,15:24,156,183.7
1560,1.77,15:46,155,183.7
1561,1.77,16:09,155,183.7
1562,1.77,14:34,155,183.1
1563,1.77,14:34,156,183.1
1564,1.77,13:49,155,183.1
1565,1.77,13:58,155,183.1
1566,1.77,13:58,155,183.1
1567,1.78,15:04,154,183.1
1568,1.78,16:33,154,183.1
1569,1.78,16:58,154,182.4
1570,1.78,16:33,154,182.4
1571,1.78,16:21,155,182.4
1572,1.78,15:35,154,181.8
1573,1.78,13:58,155,181.8
1574,1.78,14:07,156,181.1
1575,1.78,13:49,156,181.1
1576,1.79,13:32,157,181.1
1577,1.79,13:32,158,181.1
1578,1.79,13:16,159,181.1
1579,1.79,12:46,158,181.1
1580,1.79,12:53,159,181.1
1581,1.79,13:01,159,180.4
1582,1.79,13:24,159,180.4
1583,1.79,14:07,159,180.4
1584,1.8,14:25,160,180.4
1585,1.8,14:34,160,180.4
1586,1.8,14:34,160,180.4
1587,1.8,14:07,160,179.8
1588,1.8,13:32,159,179.8
1589,1.8,13:01,160,179.8
1590,1.8,13:16,160,179.8
1591,1.8,13:16,160,179.1
1592,1.81,13:24,160,179.1
1593,1.81,13:49,160,179.1
1594,1.81,14:16,162,178.5
1595,1.81,13:49,161,178.5
1596,1.81,13:58,160,178.5
1597,1.81,13:41,160,178.5
1598,1.81,13:32,159,178.5
1599,1.81,13:32,159,178.5
1600,1.82,13:08,159,177.8
1601,1.82,13:08,160,177.8
1602,1.82,13:24,160,177.2
1603,1.82,13:16,160,177.2
1604,1.82,12:53,160,177.2
1605,1.82,13:24,158,177.2
1606,1.82,12:46,157,177.2
1607,1.82,13:01,158,177.2
1608,1.83,13:08,158,177.2
1609,1.83,12:46,158,177.2
1610,1.83,12:25,159,177.2
1611,1.83,12:53,159,177.2
1612,1.83,12:53,160,177.2
1613,1.83,13:24,159,177.2
1614,1.83,14:16,161,177.2
1615,1.83,14:54,161,177.2
1616,1.83,14:54,161,177.2
1617,1.84,14:25,160,177.2
1618,1.84,13:24,159,177.2
1619,1.84,12:53,159,177.2
1620,1.84,12:11,159,177.2
1621,1.84,11:39,159,177.2
1622,1.84,11:52,159,177.2
1623,1.84,12:11,158,177.8
1624,1.85,12:39,159,177.2
1625,1.85,12:53,159,177.2
1626,1.85,13:49,159,177.2
1627,1.85,13:58,159,177.2
1628,1.85,14:25,159,177.2
1629,1.85,14:25,158,177.2
1630,1.85,15:04,158,177.2
1631,1.85,15:14,158,177.2
1632,1.85,14:54,158,177.2
1633,1.86,14:25,158,177.2
1634,1.86,14:16,158,177.2
1635,1.86,14:16,158,177.2
1636,1.86,14:07,158,176.5
1637,1.86,13:24,158,176.5
1638,1.86,13:08,158,175.9
1639,1.86,13:01,158,175.9
1640,1.87,12:32,158,175.9
1641,1.87,12:39,158,175.9
1642,1.87,13:41,158,175.9
1643,1.87,14:16,158,175.9
1644,1.87,14:25,157,175.9
1645,1.87,14:25,157,175.9
1646,1.87,13:49,157,175.2
1647,1.87,13:24,157,175.2
1648,1.87,13:08,157,175.2
1649,1.88,13:16,157,175.2
1650,1.88,13:24,157,175.2
1651,1.88,14:07,158,175.2
1652,1.88,15:14,158,175.2
1653,1.88,15:35,158,175.2
1654,1.88,14:54,157,174.5
1655,1.88,14:54,156,174.5
1656,1.88,13:58,155,174.5
1657,1.89,12:53,154,173.9
1658,1.89,12:46,154,173.9
1659,1.89,13:32,155,173.9
1660,1.89,13:16,155,173.9
1661,1.89,13:24,154,173.9
1662,1.89,13:24,155,173.9
1663,1.89,13:08,155,173.9
1664,1.89,11:52,156,173.9
1665,1.9,12:18,157,173.9
1666,1.9,12:11,156,173.9
1667,1.9,12:18,156,174.5
1668,1.9,12:39,157,174.5
1669,1.9,13:32,157,174.5
1670,1.9,13:16,157,174.5
1671,1.9,12:46,159,173.9
1672,1.9,13:49,159,173.9
1673,1.91,14:07,159,173.9
1674,1.91,13:58,160,173.2
1675,1.91,14:07,160,173.2
1676,1.91,15:04,160,173.2
1677,1.91,13:49,159,173.2
1678,1.91,13:32,159,173.2
1679,1.91,14:25,159,173.2
1680,1.91,14:16,159,173.2
1681,1.92,13:58,159,173.2
1682,1.92,14:07,159,173.2
1683,1.92,14:07,159,173.2
1684,1.92,13:49,159,173.2
1685,1.92,13:58,158,173.2
1686,1.92,14:07,158,173.2
1687,1.92,14:16,157,173.2
1688,1.92,14:25,157,173.2
1689,1.92,14:25,157,173.2
1690,1.93,14:16,157,173.2
1691,1.93,14:16,157,173.2
1692,1.93,13:41,158,173.2
1693,1.93,13:49,158,173.2
1694,1.93,14:16,158,172.6
1695,1.93,14:34,158,172.6
1696,1.93,15:24,159,172.6
1697,1.93,16:21,159,171.9
1698,1.94,14:25,159,171.9
1699,1.94,13:41,160,171.3
1700,1.94,13:58,160,171.3
1701,1.94,13:49,160,171.3
1702,1.94,13:41,160,171.3
1703,1.94,14:54,160,171.3
1704,1.94,16:09,160,171.3
1705,1.94,15:46,159,171.3
1706,1.94,15:35,159,170.6
1707,1.94,14:54,158,170.6
1708,1.95,14:54,158,170.6
1709,1.95,13:58,159,170.6
1710,1.95,14:34,160,170.6
1711,1.95,12:39,160,170.6
1712,1.95,11:58,160,170.6
1713,1.95,11:33,160,170.6
1714,1.95,11:27,159,170.6
1715,1.96,10:43,159,170.6
1716,1.96,11:39,159,170.6
1717,1.96,13:08,160,170.6
1718,1.96,14:16,159,169.9
1719,1.96,14:44,160,170.6
1720,1.96,15:04,159,169.9
1721,1.96,16:09,159,169.9
1722,1.96,15:24,159,170.6
1723,1.96,14:54,158,170.6
1724,1.97,14:25,159,170.6
1725,1.97,14:25,158,170.6
1726,1.97,13:49,158,170.6
1727,1.97,13:01,158,170.6
1728,1.97,12:39,158,170.6
1729,1.97,12:53,158,170.6
1730,1.97,12:39,159,170.6
1731,1.98,12:46,159,170.6
1732,1.98,14:07,159,170.6
1733,1.98,14:34,160,170.6
1734,1.98,13:49,160,170.6
1735,1.98,12:53,159,170.6
1736,1.98,11:39,159,170.6
1737,1.98,10:33,158,170.6
1738,1.99,10:14,158,169.9
1739,1.99,10:33,157,169.9
1740,1.99,11:16,157,169.9
1741,1.99,12:39,157,169.9
1742,1.99,13:49,158,169.3
1743,1.99,15:04,157,169.3
1744,1.99,15:04,157,169.3
1745,1.99,15:24,157,169.3
1746,1.99,15:04,157,169.3
1747,2.0,14:54,158,168.6
1748,2.0,13:49,158,168.6
1749,2.0,13:41,159,168.6
1750,2.0,14:07,159,168.0
1751,2.0,13:24,159,168.0
1752,2.0,13:01,158,168.0
1753,2.0,13:24,158,168.0
1754,2.0,13:32,157,168.0
1755,2.01,12:46,157,168.0
1756,2.01,13:16,154,168.0
1757,2.01,14:54,153,168.0
1758,2.01,15:35,150,168.0
1759,2.01,15:04,144,167.3
1760,2.01,14:16,144,167.3
1761,2.01,14:07,144,167.3
1762,2.01,12:32,144,167.3
1763,2.02,12:11,144,166.7
1764,2.02,12:11,143,166.7
1765,2.02,13:32,143,166.7
1766,2.02,13:41,143,166.7
1767,2.02,14:07,143,166.7
1768,2.02,14:07,143,166.0
1769,2.02,14:07,143,166.0
1770,2.02,14:07,143,166.0
1771,2.02,14:34,143,166.0
1772,2.03,14:07,143,166.0
1773,2.03,13:32,143,166.0
1774,2.03,13:08,143,166.0
1775,2.03,12:18,143,166.0
1776,2.03,11:39,142,166.0
1777,2.03,11:52,142,165.4
1778,2.03,11:52,142,165.4
1779,2.04,12:25,142,165.4
1780,2.04,12:39,143,164.7
1781,2.04,12:18,143,164.7
1782,2.04,12:18,143,164.7
1783,2.04,12:32,144,164.7
1784,2.04,12:46,144,164.7
1785,2.04,13:08,145,164.7
1786,2.04,13:49,147,164.7
1787,2.05,14:16,148,164.0
1788,2.05,13:49,150,164.7
1789,2.05,13:24,152,164.7
1790,2.05,13:49,153,164.7
1791,2.05,14:07,154,164.7
1792,2.05,13:58,155,164.7
1793,2.05,14:16,156,164.7
1794,2.05,13:58,157,164.0
1795,2.06,12:39,158,164.0
1796,2.06,12:25,157,164.0
1797,2.06,12:53,157,163.4
1798,2.06,13:24,159,163.4
1799,2.06,13:58,158,163.4
1800,2.06,14:44,159,163.4
1801,2.06,14:25,157,163.4
1802,2.06,13:32,157,162.7
1803,2.07,13:16,156,162.7
1804,2.07,13:01,156,162.7
1805,2.07,12:25,155,162.1
1806,2.07,12:32,154,162.1
1807,2.07,12:11,154,162.1
1808,2.07,12:04,154,162.1
1809,2.07,12:04,154,161.4
1810,2.07,12:25,154,161.4
1811,2.08,12:39,154,161.4
1812,2.08,13:01,153,161.4
1813,2.08,12:32,154,161.4
1814,2.08,12:53,154,161.4
1815,2.08,13:16,154,160.8
1816,2.08,13:24,153,160.8
1817,2.08,14:07,153,160.8
1818,2.08,15:46,153,160.1
1819,2.09,16:09,153,160.1
1820,2.09,15:04,153,160.1
1821,2.09,14:34,154,160.1
1822,2.09,14:16,154,160.1
1823,2.09,13:24,154,159.4
1824,2.09,13:16,154,159.4
1825,2.09,13:16,153,158.8
1826,2.09,13:16,154,158.8
1827,2.1,12:53,153,158.8
1828,2.1,13:08,154,158.8
1829,2.1,12:39,154,158.8
1830,2.1,12:53,154,158.8
1831,2.1,13:08,154,158.1
1832,2.1,13:24,155,157.5
1833,2.1,13:16,155,157.5
1834,2.1,13:32,155,157.5
1835,2.11,14:16,154,157.5
1836,2.11,14:54,153,157.5
1837,2.11,15:04,153,157.5
1838,2.11,15:35,153,157.5
1839,2.11,15:57,153,157.5
1840,2.11,16:21,151,157.5
1841,2.11,15:24,151,157.5
1842,2.11,15:35,151,157.5
1843,2.11,15:14,150,157.5
1844,2.12,13:49,151,157.5
1845,2.12,13:01,153,156.8
1846,2.12,12:39,154,156.8
1847,2.12,12:25,155,156.8
1848,2.12,12:32,155,156.2
1849,2.12,13:24,154,156.2
1850,2.12,13:49,155,156.2
1851,2.12,14:44,155,156.2
1852,2.13,14:34,154,156.2
1853,2.13,15:14,154,156.2
1854,2.13,14:54,154,156.2
1855,2.13,15:35,155,156.2
1856,2.13,15:14,156,156.2
1857,2.13,14:54,156,156.2
1858,2.13,13:41,156,156.2
1859,2.13,13:41,156,156.2
1860,2.13,13:08,156,155.5
1861,2.14,13:41,156,155.5
1862,2.14,14:44,156,155.5
1863,2.14,15:35,155,154.9
1864,2.14,16:21,155,154.9
1865,2.14,16:58,155,154.9
1866,2.14,16:21,156,155.5
1867,2.14,15:04,156,155.5
1868,2.14,14:44,155,155.5
1869,2.14,13:58,155,155.5
1870,2.15,13:32,155,154.9
1871,2.15,13:16,155,154.9
1872,2.15,13:58,155,154.9
1873,2.15,13:41,156,154.9
1874,2.15,13:41,155,154.9
1875,2.15,13:24,155,154.9
1876,2.15,13:08,155,154.9
1877,2.15,12:46,155,154.9
1878,2.16,13:16,156,154.9
1879,2.16,13:58,156,154.2
1880,2.16,15:04,155,154.2
1881,2.16,14:44,155,154.2
1882,2.16,14:54,155,154.2
1883,2.16,14:25,155,154.9
1884,2.16,14:34,156,154.9
1885,2.16,13:49,156,154.9
1886,2.16,14:44,156,154.9
1887,2.17,14:25,155,154.2
1888,2.17,14:34,155,154.2
1889,2.17,14:07,156,154.2
1890,2.17,14:16,156,154.2
1891,2.17,14:54,157,154.9
1892,2.17,16:21,155,154.9
1893,2.17,16:21,155,154.9
1894,2.17,16:09,155,154.9
1895,2.17,16:21,155,154.9
1896,2.18,14:54,154,154.9
1897,2.18,13:08,154,154.2
1898,2.18,12:32,156,154.9
1899,2.18,12:18,156,154.9
1900,2.18,12:11,157,154.2
1901,2.18,12:04,157,154.2
1902,2.18,12:25,157,154.2
1903,2.18,13:08,157,154.2
1904,2.19,13:58,157,154.2
1905,2.19,13:24,156,154.2
1906,2.19,13:32,155,154.2
1907,2.19,14:07,156,154.2
1908,2.19,14:07,156,154.2
1909,2.19,13:32,155,154.2
1910,2.19,14:34,156,154.2
1911,2.19,15:04,155,154.2
1912,2.2,14:44,155,154.2
1913,2.2,13:41,156,154.2
1914,2.2,13:32,156,154.2
1915,2.2,13:01,156,153.5
1916,2.2,13:01,157,153.5
1917,2.2,12:53,157,153.5
1918,2.2,12:18,157,153.5
1919,2.21,11:58,157,153.5
1920,2.21,11:39,158,153.5
1921,2.21,11:52,157,152.9
1922,2.21,11:45,157,152.9
1923,2.21,12:18,156,152.9
1924,2.21,12:32,157,152.9
1925,2.21,13:01,157,152.2
1926,2.21,12:53,157,152.9
1927,2.22,13:16,158,152.9
1928,2.22,13:58,158,152.9
1929,2.22,13:58,158,152.9
1930,2.22,14:07,158,152.9
1931,2.22,13:58,158,152.9
1932,2.22,13:41,158,152.9
1933,2.22,13:24,158,152.9
1934,2.22,13:32,157,152.9
1935,2.23,12:46,157,152.9
1936,2.23,12:18,157,152.9
1937,2.23,12:53,157,152.9
1938,2.23,13:01,157,152.9
1939,2.23,13:24,156,152.9
1940,2.23,14:07,158,152.2
1941,2.23,14:54,158,152.2
1942,2.23,13:41,157,152.2
1943,2.24,12:53,158,152.2
1944,2.24,12:46,158,151.6
1945,2.24,12:53,157,151.6
1946,2.24,12:39,157,151.6
1947,2.24,13:41,156,151.6
1948,2.24,13:49,156,150.9
1949,2.24,13:41,155,150.9
1950,2.24,12:46,154,150.9
1951,2.25,12:18,154,150.9
1952,2.25,11:33,154,150.3
1953,2.25,11:52,153,150.3
1954,2.25,12:18,153,150.3
1955,2.25,12:46,153,149.6
1956,2.25,13:24,153,149.6
1957,2.25,13:01,153,149.6
1958,2.25,13:01,155,149.0
1959,2.26,13:24,155,149.0
1960,2.26,13:16,155,148.3
1961,2.26,13:16,156,148.3
1962,2.26,14:54,156,148.3
1963,2.26,15:24,156,147.6
1964,2.26,14:07,156,147.6
1965,2.26,14:54,157,147.6
1966,2.26,15:14,157,147.6
1967,2.27,13:49,156,147.6
1968,2.27,12:39,156,147.6
1969,2.27,13:16,157,147.6
1970,2.27,13:16,156,147.6
1971,2.27,13:08,155,147.6
1972,2.27,13:24,156,147.6
1973,2.27,14:25,157,147.0
1974,2.27,13:41,158,147.0
1975,2.28,12:53,158,147.0
1976,2.28,12:39,158,147.0
1977,2.28,12:53,158,146.3
1978,2.28,13:08,158,146.3
1979,2.28,13:49,158,145.7
1980,2.28,14:34,159,145.7
1981,2.28,14:34,159,145.0
1982,2.28,14:16,161,145.0
1983,2.29,13:41,161,145.0
1984,2.29,12:53,160,145.0
1985,2.29,12:25,159,145.0
1986,2.29,12:11,159,145.0
1987,2.29,12:04,159,145.0
1988,2.29,12:25,160,145.0
1989,2.29,13:08,161,144.4
1990,2.29,13:24,160,144.4
1991,2.3,13:49,162,144.4
1992,2.3,14:34,162,144.4
1993,2.3,14:25,163,144.4
1994,2.3,14:34,161,144.4
1995,2.3,14:07,162,144.4
1996,2.3,13:58,162,144.4
1997,2.3,13:24,161,144.4
1998,2.3,13:16,162,144.4
1999,2.31,12:32,162,144.4
2000,2.31,12:46,162,144.4
2001,2.31,12:46,159,144.4
2002,2.31,13:01,160,144.4
2003,2.31,11:58,160,144.4
2004,2.31,12:11,160,144.4
2005,2.31,12:04,160,144.4
2006,2.31,12:18,160,144.4
2007,2.32,12:46,161,144.4
2008,2.32,14:44,161,143.7
2009,2.32,14:54,161,143.7
2010,2.32,15:46,161,143.7
2011,2.32,15:46,160,143.7
2012,2.32,15:24,160,143.7
2013,2.32,15:46,160,143.7
2014,2.32,17:11,158,143.7
2015,2.32,17:11,159,143.0
2016,2.32,17:25,159,143.0
2017,2.33,16:45,159,143.0
2018,2.33,14:54,159,143.0
2019,2.33,13:24,158,142.4
2020,2.33,13:01,159,142.4
2021,2.33,12:53,159,142.4
2022,2.33,12:46,158,142.4
2023,2.33,13:32,159,142.4
2024,2.33,13:49,159,142.4
2025,2.34,13:58,159,143.0
2026,2.34,13:16,159,143.0
2027,2.34,13:24,159,142.4
2028,2.34,13:08,159,142.4
2029,2.34,13:32,160,142.4
2030,2.34,13:08,159,142.4
2031,2.34,14:16,159,141.7
2032,2.34,15:14,158,141.7
2033,2.34,16:21,158,142.4
2034,2.35,15:35,158,142.4
2035,2.35,14:54,157,142.4
2036,2.35,14:16,158,142.4
2037,2.35,13:41,159,142.4
2038,2.35,13:41,159,142.4
2039,2.35,13:58,159,142.4
2040,2.35,14:34,159,141.7
2041,2.35,14:07,159,141.7
2042,2.36,13:24,159,141.7
2043,2.36,12:46,159,141.7
2044,2.36,12:32,158,141.7
2045,2.36,13:01,158,141.7
2046,2.36,13:41,158,141.7
2047,2.36,14:44,159,141.7
2048,2.36,14:44,159,141.7
2049,2.36,14:44,160,141.7
2050,2.37,14:44,161,141.7
2051,2.37,14:25,162,141.7
2052,2.37,14:07,162,141.7
2053,2.37,14:16,161,141.7
2054,2.37,14:16,160,141.7
2055,2.37,13:49,161,142.4
2056,2.37,13:49,161,142.4
2057,2.37,13:58,162,142.4
2058,2.37,14:16,163,141.7
2059,2.38,14:16,163,142.4
2060,2.38,14:34,162,142.4
2061,2.38,14:25,162,142.4
2062,2.38,14:44,161,142.4
2063,2.38,15:04,162,142.4
2064,2.38,14:25,164,142.4
2065,2.38,13:49,164,142.4
2066,2.38,13:58,164,142.4
2067,2.39,13:32,164,142.4
2068,2.39,13:32,165,142.4
2069,2.39,14:25,165,142.4
2070,2.39,14:25,165,142.4
2071,2.39,14:16,166,142.4
2072,2.39,13:32,166,142.4
2073,2.39,12:46,167,142.4
2074,2.39,12:25,167,142.4
2075,2.4,12:39,166,142.4
2076,2.4,12:32,168,142.4
2077,2.4,13:16,167,142.4
2078,2.4,13:32,167,142.4
2079,2.4,13:32,166,142.4
2080,2.4,13:32,166,142.4
2081,2.4,13:49,166,142.4
2082,2.4,13:49,166,142.4
2083,2.41,13:24,166,142.4
2084,2.41,13:08,166,142.4
2085,2.41,13:16,166,142.4
2086,2.41,13:41,166,142.4
2087,2.41,13:49,166,142.4
2088,2.41,14:54,166,142.4
2089,2.41,16:33,165,143.0
2090,2.41,16:58,167,142.4
2091,2.41,16:58,166,142.4
2092,2.42,16:45,167,142.4
2093,2.42,15:24,165,141.7
2094,2.42,14:44,165,141.7
2095,2.42,15:04,166,141.7
2096,2.42,15:14,167,141.7
2097,2.42,15:24,167,141.7
2098,2.42,15:35,167,141.7
2099,2.42,14:44,167,141.7
2100,2.42,14:07,166,141.7
2101,2.43,14:16,166,141.1
2102,2.43,14:16,165,141.1
2103,2.43,14:34,165,140.4
2104,2.43,15:57,164,140.4
2105,2.43,16:09,163,140.4
2106,2.43,15:46,163,140.4
2107,2.43,15:46,163,140.4
2108,2.43,15:57,162,140.4
2109,2.43,15:35,163,140.4
2110,2.44,14:54,163,140.4
2111,2.44,14:07,162,139.8
2112,2.44,13:49,162,139.8
2113,2.44,13:16,160,139.8
2114,2.44,13:08,161,139.1
2115,2.44,13:49,161,139.1
2116,2.44,14:07,161,139.1
2117,2.44,14:07,160,139.1
2118,2.44,14:54,160,139.1
2119,2.45,15:14,159,139.1
2120,2.45,13:49,159,139.1
2121,2.45,14:16,158,138.5
2122,2.45,15:14,158,138.5
2123,2.45,15:04,158,138.5
2124,2.45,15:04,158,138.5
2125,2.45,16:09,157,138.5
2126,2.45,15:14,157,138.5
2127,2.45,14:34,156,138.5
2128,2.46,13:32,156,138.5
2129,2.46,12:25,156,138.5
2130,2.46,12:32,156,138.5
2131,2.46,13:08,157,138.5
2132,2.46,12:53,157,137.8
2133,2.46,13:49,157,137.8
2134,2.46,15:24,157,137.8
2135,2.46,16:33,158,137.8
2136,2.46,17:11,157,137.8
2137,2.47,15:57,157,138.5
2138,2.47,14:34,158,138.5
2139,2.47,13:08,158,138.5
2140,2.47,12:04,159,138.5
2141,2.47,10:59,159,138.5
2142,2.47,11:39,158,138.5
2143,2.47,12:25,158,137.8
2144,2.48,12:53,157,137.8
2145,2.48,13:16,157,137.8
2146,2.48,13:58,158,137.8
2147,2.48,13:49,158,137.8
2148,2.48,13:58,156,137.8
2149,2.48,13:49,157,137.8
2150,2.48,14:07,157,137.8
2151,2.48,13:49,158,137.8
2152,2.49,13:32,157,137.8
2153,2.49,13:08,158,137.8
2154,2.49,13:08,158,137.8
2155,2.49,12:25,158,137.1
2156,2.49,12:04,158,137.1
2157,2.49,12:46,157,137.1
2158,2.49,13:32,158,137.1
2159,2.49,13:49,158,137.1
2160,2.5,14:25,158,137.1
2161,2.5,16:21,158,137.1
2162,2.5,16:33,157,137.1
2163,2.5,14:16,158,137.1
2164,2.5,14:54,157,137.1
2165,2.5,14:54,157,137.8
2166,2.5,15:14,158,137.8
2167,2.5,14:34,158,137.8
2168,2.5,16:33,158,137.8
2169,2.51,16:21,159,137.8
2170,2.51,16:09,159,137.8
2171,2.51,15:35,160,137.1
2172,2.51,14:44,158,137.1
2173,2.51,13:32,158,137.1
2174,2.51,12:46,158,137.1
2175,2.51,12:53,158,137.1
2176,2.51,12:18,159,136.5
2177,2.52,12:46,157,136.5
2178,2.52,13:49,156,136.5
2179,2.52,14:07,156,136.5
2180,2.52,13:24,155,135.8
2181,2.52,13:58,155,135.8
2182,2.52,13:58,156,135.8
2183,2.52,13:49,156,135.8
2184,2.52,13:49,156,135.8
2185,2.52,14:44,157,135.8
2186,2.53,14:16,157,135.2
2187,2.53,14:25,157,135.2
2188,2.53,14:34,158,134.5
2189,2.53,14:54,159,134.5
2190,2.53,14:16,159,134.5
2191,2.53,14:44,158,134.5
2192,2.53,13:49,158,134.5
2193,2.53,13:32,158,133.9
2194,2.53,14:34,158,133.9
2195,2.54,14:44,158,133.9
2196,2.54,13:58,159,133.2
2197,2.54,14:44,160,133.2
2198,2.54,15:24,159,133.2
2199,2.54,15:14,159,133.2
2200,2.54,16:21,158,133.2
2201,2.54,16:45,158,133.2
2202,2.54,16:33,159,132.5
2203,2.54,15:35,160,132.5
2204,2.55,14:44,160,132.5
2205,2.55,13:58,159,132.5
2206,2.55,13:41,158,132.5
2207,2.55,12:46,159,131.9
2208,2.55,13:24,159,131.9
2209,2.55,13:16,158,131.9
2210,2.55,13:01,158,131.2
2211,2.55,13:16,159,131.2
2212,2.56,14:44,159,131.2
2213,2.56,14:16,160,130.6
2214,2.56,13:32,160,130.6
2215,2.56,14:25,160,131.2
2216,2.56,14:07,159,131.2
2217,2.56,13:32,159,131.2
2218,2.56,13:24,159,131.9
2219,2.56,14:34,160,131.9
2220,2.57,13:58,159,131.9
2221,2.57,13:58,160,131.9
2222,2.57,14:34,160,131.9
2223,2.57,14:25,161,131.9
2224,2.57,14:25,161,131.9
2225,2.57,14:16,160,131.9
2226,2.57,14:34,160,131.9
2227,2.57,14:07,160,131.9
2228,2.58,13:16,159,132.5
2229,2.58,13:08,158,132.5
2230,2.58,13:24,158,133.2
2231,2.58,13:16,158,133.2
2232,2.58,13:01,158,133.9
2233,2.58,13:32,158,133.9
2234,2.58,12:53,158,133.9
2235,2.58,12:25,158,133.9
2236,2.58,13:24,158,133.9
2237,2.59,14:44,159,133.9
2238,2.59,15:46,160,134.5
2239,2.59,16:21,159,134.5
2240,2.59,16:58,159,135.2
2241,2.59,15:24,159,135.8
2242,2.59,14:07,160,135.8
2243,2.59,14:16,160,135.8
2244,2.59,13:49,160,136.5
2245,2.59,14:16,160,136.5
2246,2.6,14:07,160,136.5
2247,2.6,13:49,159,137.1
2248,2.6,12:11,160,137.1
2249,2.6,11:52,161,137.1
2250,2.6,11:58,161,137.8
2251,2.6,11:33,161,137.8
2252,2.6,11:58,160,137.8
2253,2.61,12:53,160,138.5
2254,2.61,13:41,160,138.5
2255,2.61,13:08,160,138.5
2256,2.61,13:08,161,138.5
2257,2.61,13:08,161,138.5
2258,2.61,13:01,161,138.5
2259,2.61,13:08,161,137.8
2260,2.61,12:32,160,137.8
2261,2.62,13:32,160,137.1
2262,2.62,14:16,160,136.5
2263,2.62,14:54,159,135.8
2264,2.62,14:54,160,135.2
2265,2.62,16:09,160,134.5
2266,2.62,16:09,160,133.9
2267,2.62,15:35,161,133.2
2268,2.62,16:09,160,133.2
2269,2.62,15:24,160,133.2
2270,2.63,16:21,160,132.5
2271,2.63,15:04,159,132.5
2272,2.63,15:04,161,132.5
2273,2.63,13:49,160,131.9
2274,2.63,13:16,161,131.2
2275,2.63,12:11,161,131.2
2276,2.63,13:08,161,131.2
2277,2.63,12:32,161,130.6
2278,2.64,12:32,161,130.6
2279,2.64,12:46,160,130.6
2280,2.64,13:08,159,129.9
2281,2.64,12:46,160,129.9
2282,2.64,12:11,160,129.9
2283,2.64,12:18,160,129.9
2284,2.64,13:01,159,129.3
2285,2.64,12:46,159,129.3
2286,2.65,12:53,159,129.3
2287,2.65,13:41,160,129.3
2288,2.65,13:32,161,129.3
2289,2.65,13:01,161,129.3
2290,2.65,12:46,161,129.3
2291,2.65,12:39,160,129.3
2292,2.65,12:25,160,129.3
2293,2.66,12:53,159,129.3
2294,2.66,14:07,160,129.3
2295,2.66,15:46,160,128.6
2296,2.66,16:09,161,128.6
2297,2.66,16:45,161,128.6
2298,2.66,15:35,159,128.6
2299,2.66,14:44,161,128.0
2300,2.66,12:32,161,128.0
2301,2.66,11:21,160,128.0
2302,2.67,10:54,160,128.0
2303,2.67,11:16,161,128.0
2304,2.67,10:48,162,128.0
2305,2.67,11:27,161,128.0
2306,2.67,12:32,160,127.3
2307,2.67,13:32,161,127.3
2308,2.67,13:32,161,127.3
2309,2.68,12:46,161,127.3
2310,2.68,13:01,161,128.0
2311,2.68,12:46,161,128.0
2312,2.68,12:46,161,128.0
2313,2.68,12:39,161,127.3
2314,2.68,13:49,161,127.3
2315,2.68,14:07,161,127.3
2316,2.68,13:24,161,127.3
2317,2.69,12:39,161,127.3
2318,2.69,12:39,160,127.3
2319,2.69,12:25,160,127.3
2320,2.69,12:18,160,127.3
2321,2.69,13:08,160,127.3
2322,2.69,13:32,161,127.3
2323,2.69,13:58,161,127.3
2324,2.69,14:25,161,128.0
2325,2.7,14:44,160,128.0
2326,2.7,14:44,159,127.3
2327,2.7,14:44,159,127.3
2328,2.7,15:04,159,127.3
2329,2.7,15:14,159,127.3
2330,2.7,14:44,158,127.3
2331,2.7,14:34,159,126.6
2332,2.7,14:34,160,126.6
2333,2.7,13:32,160,126.6
2334,2.71,13:32,161,126.6
2335,2.71,14:07,160,126.6
2336,2.71,13:58,162,126.6
2337,2.71,12:46,161,126.6
2338,2.71,12:53,161,126.6
2339,2.71,13:01,162,126.6
2340,2.71,12:25,161,126.6
2341,2.71,12:25,161,127.3
2342,2.72,13:32,160,127.3
2343,2.72,13:58,160,128.0
2344,2.72,13:08,162,128.0
2345,2.72,14:07,160,128.0
2346,2.72,14:25,160,127.3
2347,2.72,14:25,160,127.3
2348,2.72,13:49,161,126.6
2349,2.72,14:34,162,126.6
2350,2.73,14:16,162,126.6
2351,2.73,13:41,161,126.6
2352,2.73,13:16,161,126.6
2353,2.73,13:08,161,126.6
2354,2.73,13:01,162,126.6
2355,2.73,12:04,163,126.0
2356,2.73,11:52,163,126.0
2357,2.73,12:11,162,126.0
2358,2.74,12:25,162,126.0
2359,2.74,12:32,162,126.0
2360,2.74,13:41,162,126.0
2361,2.74,13:24,162,126.0
2362,2.74,13:58,162,125.3
2363,2.74,14:16,161,125.3
2364,2.74,14:34,160,124.7
2365,2.74,14:16,160,124.7
2366,2.75,14:16,160,124.7
2367,2.75,13:49,160,124.7
2368,2.75,14:44,161,124.7
2369,2.75,13:49,162,124.7
2370,2.75,13:24,161,124.7
2371,2.75,13:49,161,124.0
2372,2.75,13:58,161,124.0
2373,2.75,12:39,162,124.0
2374,2.76,13:01,161,124.0
2375,2.76,13:08,161,123.4
2376,2.76,13:32,163,123.4
2377,2.76,13:01,162,123.4
2378,2.76,13:32,162,123.4
2379,2.76,13:49,161,123.4
2380,2.76,13:58,161,123.4
2381,2.76,13:08,162,123.4
2382,2.77,13:32,160,123.4
2383,2.77,14:07,160,123.4
2384,2.77,14:07,160,122.7
2385,2.77,14:16,161,122.7
2386,2.77,15:35,160,122.7
2387,2.77,14:25,161,122.7
2388,2.77,13:49,162,122.7
2389,2.77,14:34,162,122.7
2390,2.77,14:25,163,122.7
2391,2.78,13:58,162,122.7
2392,2.78,14:44,162,122.7
2393,2.78,14:16,162,122.0
2394,2.78,13:01,163,122.0
2395,2.78,12:18,164,122.0
2396,2.78,12:11,162,122.0
2397,2.78,12:32,162,121.4
2398,2.79,11:52,162,121.4
2399,2.79,12:04,163,121.4
2400,2.79,12:18,163,121.4
2401,2.79,12:53,163,120.7
2402,2.79,12:32,162,120.7
2403,2.79,14:07,162,120.7
2404,2.79,13:32,162,120.7
2405,2.79,13:58,164,120.7
2406,2.8,12:39,164,120.1
2407,2.8,13:24,162,119.4
2408,2.8,12:32,163,119.4
2409,2.8,12:39,163,118.8
2410,2.8,12:32,164,118.1
2411,2.8,13:24,164,118.1
2412,2.8,12:39,164,117.5
2413,2.8,13:16,164,117.5
2414,2.81,13:16,163,117.5
2415,2.81,12:53,163,117.5
2416,2.81,12:32,164,117.5
2417,2.81,12:46,165,117.5
2418,2.81,11:58,164,117.5
2419,2.81,11:45,164,117.5
2420,2.81,11:39,163,117.5
2421,2.82,11:45,163,117.5
2422,2.82,11:45,164,117.5
2423,2.82,12:25,164,116.8
2424,2.82,13:01,164,117.5
2425,2.82,13:32,163,117.5
2426,2.82,13:41,162,117.5
2427,2.82,13:49,162,117.5
2428,2.82,13:58,162,117.5
2429,2.82,14:07,162,117.5
2430,2.83,13:16,161,117.5
2431,2.83,13:16,161,117.5
2432,2.83,13:01,161,117.5
2433,2.83,12:46,161,117.5
2434,2.83,12:32,162,117.5
2435,2.83,13:32,161,117.5
2436,2.83,13:49,161,117.5
2437,2.84,13:41,161,117.5
2438,2.84,14:16,160,117.5
2439,2.84,14:25,161,117.5
2440,2.84,14:16,161,117.5
2441,2.84,14:16,162,117.5
2442,2.84,14:44,162,117.5
2443,2.84,14:07,162,117.5
2444,2.84,13:32,161,117.5
2445,2.84,13:32,161,117.5
2446,2.85,13:24,161,117.5
2447,2.85,13:24,163,117.5
2448,2.85,13:32,162,117.5
2449,2.85,14:25,162,117.5
2450,2.85,14:16,161,117.5
2451,2.85,14:25,160,117.5
2452,2.85,14:25,160,117.5
2453,2.85,14:16,160,117.5
2454,2.86,13:32,160,117.5
2455,2.86,13:41,159,116.8
2456,2.86,14:07,158,116.8
2457,2.86,13:49,157,116.8
2458,2.86,14:16,158,117.5
2459,2.86,14:07,158,117.5
2460,2.86,15:04,159,117.5
2461,2.86,14:07,159,117.5
2462,2.86,13:49,159,117.5
2463,2.87,13:41,160,117.5
2464,2.87,14:34,160,118.1
2465,2.87,13:41,160,118.1
2466,2.87,13:58,160,118.1
2467,2.87,14:34,159,118.8
2468,2.87,14:44,159,118.8
2469,2.87,14:54,159,118.8
2470,2.87,14:44,159,118.8
2471,2.88,14:34,158,118.8
2472,2.88,15:04,157,119.4
2473,2.88,15:04,159,119.4
2474,2.88,13:58,158,118.8
2475,2.88,14:16,158,118.8
2476,2.88,14:34,158,118.8
2477,2.88,14:07,158,118.8
2478,2.88,13:41,159,118.8
2479,2.88,14:34,159,119.4
2480,2.89,14:25,158,119.4
2481,2.89,13:58,158,119.4
2482,2.89,13:58,160,119.4
2483,2.89,14:16,161,119.4
2484,2.89,14:07,160,120.1
2485,2.89,13:58,159,120.1
2486,2.89,13:49,159,120.1
2487,2.89,13:24,160,120.7
2488,2.9,13:08,161,120.7
2489,2.9,13:01,160,120.7
2490,2.9,13:16,159,120.7
2491,2.9,13:01,158,120.7
2492,2.9,13:01,159,120.7
2493,2.9,12:46,159,120.7
2494,2.9,12:39,160,120.7
2495,2.9,11:58,161,120.1
2496,2.91,12:32,161,120.1
2497,2.91,12:53,160,120.1
2498,2.91,13:49,160,120.1
2499,2.91,13:58,162,119.4
2500,2.91,14:25,162,119.4
2501,2.91,14:25,162,119.4
2502,2.91,14:44,160,119.4
2503,2.91,14:16,161,119.4
2504,2.92,13:49,162,120.1
2505,2.92,14:44,162,120.1
2506,2.92,14:34,161,120.1
2507,2.92,13:41,161,119.4
2508,2.92,13:16,161,119.4
2509,2.92,13:24,161,119.4
2510,2.92,13:08,162,119.4
2511,2.92,12:46,162,119.4
2512,2.92,13:16,161,118.8
2513,2.93,13:32,160,118.8
2514,2.93,14:16,160,118.8
2515,2.93,13:49,161,118.8
2516,2.93,14:16,161,118.8
2517,2.93,14:07,160,118.8
2518,2.93,13:41,158,118.8
2519,2.93,13:41,159,118.8
2520,2.93,13:58,160,118.8
2521,2.94,14:34,159,118.8
2522,2.94,15:14,160,119.4
2523,2.94,16:33,160,119.4
2524,2.94,16:21,160,119.4
2525,2.94,15:57,159,119.4
2526,2.94,15:14,159,119.4
2527,2.94,15:04,159,119.4
2528,2.94,15:14,159,119.4
2529,2.94,15:04,160,119.4
2530,2.94,15:46,159,119.4
2531,2.95,15:24,158,118.8
2532,2.95,15:24,158,118.8
2533,2.95,15:24,158,118.8
2534,2.95,14:44,157,118.1
2535,2.95,14:07,158,118.1
2536,2.95,14:34,158,118.1
2537,2.95,13:16,158,118.1
2538,2.95,12:25,157,118.8
2539,2.96,12:46,157,118.8
2540,2.96,13:08,157,118.8
2541,2.96,13:58,157,118.8
2542,2.96,15:14,157,118.8
2543,2.96,15:35,157,118.8
2544,2.96,16:21,155,118.8
2545,2.96,16:45,156,118.8
2546,2.96,15:46,156,118.8
2547,2.96,15:14,157,118.8
2548,2.97,15:14,158,118.8
2549,2.97,14:16,158,119.4
2550,2.97,13:16,158,119.4
2551,2.97,12:25,159,118.8
2552,2.97,12:46,159,118.8
2553,2.97,12:39,160,118.8
2554,2.97,12:32,161,118.8
2555,2.97,12:46,161,118.8
2556,2.98,13:41,160,118.8
2557,2.98,13:01,160,118.8
2558,2.98,13:16,162,118.8
2559,2.98,13:16,162,118.8
2560,2.98,13:32,162,118.8
2561,2.98,13:01,162,118.8
2562,2.98,13:24,162,118.1
2563,2.98,13:41,163,118.1
2564,2.99,13:32,163,118.8
2565,2.99,13:24,163,118.1
2566,2.99,13:49,162,118.1
2567,2.99,13:58,163,118.1
2568,2.99,13:16,162,118.1
2569,2.99,13:32,162,118.1
2570,2.99,13:16,162,117.5
2571,2.99,13:41,161,118.1
2572,3.0,13:01,162,118.1
2573,3.0,13:08,163,118.1
2574,3.0,13:32,163,118.1
2575,3.0,13:49,162,118.1
2576,3.0,13:24,161,118.1
2577,3.0,13:58,163,118.1
2578,3.0,14:34,161,118.1
2579,3.0,14:54,161,118.1
2580,3.01,15:24,162,118.1
2581,3.01,15:24,162,118.1
2582,3.01,15:14,161,118.1
2583,3.01,14:44,162,118.1
2584,3.01,15:14,162,118.1
2585,3.01,14:07,162,118.8
2586,3.01,12:53,162,118.8
2587,3.01,12:53,162,118.8
2588,3.02,12:46,162,118.8
2589,3.02,11:58,162,118.8
2590,3.02,12:04,164,118.8
2591,3.02,12:39,163,118.8
2592,3.02,13:08,162,118.8
2593,3.02,13:41,162,118.8
2594,3.02,13:08,163,118.8
2595,3.02,13:24,163,118.8
2596,3.03,14:16,163,118.8
2597,3.03,13:32,162,118.8
2598,3.03,13:08,163,118.8
2599,3.03,13:32,164,118.8
2600,3.03,13:58,163,118.8
2601,3.03,13:41,162,118.1
2602,3.03,13:41,162,118.1
2603,3.03,13:41,164,118.1
2604,3.03,14:16,164,118.8
2605,3.04,14:25,163,118.8
2606,3.04,14:34,163,118.8
2607,3.04,15:35,162,118.8
2608,3.04,15:46,163,118.8
2609,3.04,15:35,164,118.8
2610,3.04,14:25,162,118.8
2611,3.04,14:34,161,118.8
2612,3.04,15:14,157,118.8
2613,3.04,14:44,153,118.8
2614,3.05,13:58,152,118.8
2615,3.05,14:07,153,118.8
2616,3.05,13:24,153,118.8
2617,3.05,13:08,153,118.8
2618,3.05,13:49,153,118.8
2619,3.05,14:54,153,118.8
2620,3.05,15:57,151,119.4
2621,3.05,16:58,150,120.1
2622,3.05,16:09,150,120.1
2623,3.06,16:21,150,120.1
2624,3.06,15:35,150,120.1
2625,3.06,15:14,150,120.1
2626,3.06,15:04,150,120.1
2627,3.06,14:54,150,120.1
2628,3.06,14:07,150,120.1
2629,3.06,14:34,150,120.1
2630,3.06,15:04,150,120.1
2631,3.06,14:54,150,120.1
2632,3.07,14:34,150,120.7
2633,3.07,14:54,150,120.7
2634,3.07,15:24,150,120.7
2635,3.07,15:35,150,120.7
2636,3.07,15:35,149,121.4
2637,3.07,15:57,150,121.4
2638,3.07,16:09,151,121.4
2639,3.07,14:44,152,121.4
2640,3.08,13:41,152,121.4
2641,3.08,13:24,153,121.4
2642,3.08,13:24,154,121.4
2643,3.08,13:01,155,122.0
2644,3.08,14:07,157,122.0
2645,3.08,14:54,160,122.0
2646,3.08,14:54,160,122.0
2647,3.08,15:24,161,122.7
2648,3.08,15:57,162,122.7
2649,3.08,16:58,164,122.7
2650,3.09,18:37,165,122.7
2651,3.09,20:19,165,122.7
2652,3.09,21:17,165,122.7
2653,3.09,23:56,165,122.7
2654,3.09,20:37,165,122.0
2655,3.09,18:07,164,122.0
2656,3.09,17:11,164,122.0
2657,3.09,15:35,164,122.0
2658,3.09,13:41,163,122.7
2659,3.09,13:24,163,123.4
2660,3.1,12:53,163,124.0
2661,3.1,13:08,164,124.0
2662,3.1,13:08,165,124.7
2663,3.1,13:01,165,125.3
2664,3.1,12:46,164,124.7
2665,3.1,13:01,166,124.7
2666,3.1,13:01,168,124.7
2667,3.1,13:32,167,124.0
2668,3.11,15:35,166,123.4
2669,3.11,16:58,166,122.7
2670,3.11,17:38,167,122.7
2671,3.11,18:37,166,122.0
2672,3.11,18:07,165,121.4
2673,3.11,16:45,165,121.4
2674,3.11,15:35,165,121.4
2675,3.11,15:35,165,121.4
2676,3.11,13:41,164,121.4
2677,3.12,13:58,164,121.4
2678,3.12,13:08,164,121.4
2679,3.12,13:08,163,121.4
2680,3.12,13:08,163,121.4
2681,3.12,14:07,163,120.7
2682,3.12,13:16,163,120.7
2683,3.12,13:58,163,120.1
2684,3.12,14:34,163,120.1
2685,3.12,14:44,163,120.1
2686,3.13,14:25,163,120.7
2687,3.13,14:25,163,120.7
2688,3.13,14:07,164,120.7
2689,3.13,14:07,163,120.7
2690,3.13,13:41,163,121.4
2691,3.13,13:41,163,121.4
2692,3.13,14:44,164,121.4
2693,3.13,14:44,164,122.0
2694,3.14,14:16,165,122.0
2695,3.14,14:44,164,122.0
2696,3.14,15:24,164,122.0
2697,3.14,15:04,164,121.4
2698,3.14,13:58,164,121.4
2699,3.14,14:07,165,121.4
2700,3.14,14:25,166,120.7
2701,3.14,14:25,165,120.7
2702,3.14,14:44,164,120.7
2703,3.15,16:21,165,120.7
2704,3.15,17:52,164,120.7
2705,3.15,18:37,165,120.7
2706,3.15,18:37,165,120.7
2707,3.15,18:22,164,120.7
2708,3.15,19:26,163,120.7
2709,3.15,18:53,163,120.7
2710,3.15,17:25,164,120.7
2711,3.15,16:33,163,120.7
2712,3.15,16:45,162,120.7
2713,3.15,15:24,162,120.7
2714,3.16,14:44,161,120.7
2715,3.16,14:54,162,120.7
2716,3.16,15:35,162,121.4
2717,3.16,14:54,162,121.4
2718,3.16,15:46,161,120.7
2719,3.16,15:57,161,120.7
2720,3.16,14:54,161,120.7
2721,3.16,14:54,161,120.7
2722,3.16,15:24,161,120.7
2723,3.17,15:57,161,120.7
2724,3.17,15:57,161,120.1
2725,3.17,17:25,160,120.1
2726,3.17,17:11,160,120.1
2727,3.17,17:11,160,120.1
2728,3.17,16:45,158,120.1
2729,3.17,16:45,160,120.1
2730,3.17,16:21,158,120.1
2731,3.17,16:33,157,119.4
2732,3.17,15:35,158,119.4
2733,3.18,15:14,157,119.4
2734,3.18,15:35,158,119.4
2735,3.18,15:35,158,119.4
2736,3.18,14:25,158,119.4
2737,3.18,15:35,158,120.1
2738,3.18,16:09,158,120.1
2739,3.18,16:33,158,120.1
2740,3.18,17:25,158,120.1
2741,3.18,19:26,158,120.1
2742,3.18,18:53,157,120.7
2743,3.19,20:01,158,121.4
2744,3.19,18:53,157,121.4
2745,3.19,18:07,158,121.4
2746,3.19,17:11,158,121.4
2747,3.19,17:52,158,121.4
2748,3.19,15:46,158,121.4
2749,3.19,15:14,157,121.4
2750,3.19,15:14,157,122.0
2751,3.19,15:24,157,122.0
2752,3.2,14:16,157,122.7
2753,3.2,15:14,158,122.7
2754,3.2,15:35,157,122.7
2755,3.2,15:04,157,122.7
2756,3.2,14:44,157,122.7
2757,3.2,14:25,157,122.7
2758,3.2,13:08,157,122.7
2759,3.2,13:01,156,122.7
2760,3.2,13:24,158,123.4
2761,3.21,13:16,159,122.7
2762,3.21,13:41,160,122.7
2763,3.21,14:25,159,122.7
2764,3.21,13:41,159,122.7
2765,3.21,13:24,159,122.7
2766,3.21,13:24,159,122.7
2767,3.21,13:24,159,122.0
2768,3.21,13:32,160,122.0
2769,3.22,14:16,159,121.4
2770,3.22,13:49,160,121.4
2771,3.22,14:25,160,121.4
2772,3.22,14:25,160,121.4
2773,3.22,13:49,159,121.4
2774,3.22,13:49,159,121.4
2775,3.22,13:58,160,122.0
2776,3.22,14:34,160,122.0
2777,3.22,14:44,160,122.0
2778,3.23,15:57,160,122.0
2779,3.23,16:21,160,122.0
2780,3.23,16:09,160,122.0
2781,3.23,16:09,159,122.0
2782,3.23,16:45,160,122.0
2783,3.23,15:46,160,122.0
2784,3.23,15:46,160,122.7
2785,3.23,16:09,160,122.7
2786,3.23,15:24,160,123.4
2787,3.24,14:54,160,123.4
2788,3.24,14:25,159,123.4
2789,3.24,14:07,159,123.4
2790,3.24,14:16,159,123.4
2791,3.24,13:32,159,122.7
2792,3.24,13:24,159,122.7
2793,3.24,14:25,158,122.7
2794,3.24,14:25,159,122.7
2795,3.24,14:25,159,122.7
2796,3.25,15:24,160,122.7
2797,3.25,15:57,160,122.7
2798,3.25,15:04,158,123.4
2799,3.25,15:35,158,123.4
2800,3.25,15:35,157,123.4
2801,3.25,14:54,157,122.7
2802,3.25,13:58,158,122.7
2803,3.25,14:44,157,122.7
2804,3.25,14:25,157,122.7
2805,3.26,14:16,157,122.7
2806,3.26,15:24,157,122.7
2807,3.26,16:21,157,122.7
2808,3.26,16:45,158,122.7
2809,3.26,17:11,158,122.7
2810,3.26,18:22,158,122.7
2811,3.26,17:38,158,122.7
2812,3.26,16:45,159,122.7
2813,3.26,16:09,160,123.4
2814,3.26,15:57,159,123.4
2815,3.27,15:14,159,123.4
2816,3.27,14:07,159,123.4
2817,3.27,15:35,159,122.7
2818,3.27,15:46,159,122.7
2819,3.27,14:54,159,122.7
2820,3.27,15:35,159,122.7
2821,3.27,15:57,159,122.7
2822,3.27,15:24,159,123.4
2823,3.27,15:14,159,123.4
2824,3.28,15:57,160,123.4
2825,3.28,15:24,159,123.4
2826,3.28,15:46,159,123.4
2827,3.28,15:57,159,123.4
2828,3.28,15:04,160,123.4
2829,3.28,14:54,159,122.7
2830,3.28,15:24,159,122.7
2831,3.28,16:45,159,122.7
2832,3.28,16:33,158,122.7
2833,3.28,17:38,158,122.7
2834,3.29,19:09,158,122.7
2835,3.29,18:37,158,122.7
2836,3.29,16:45,158,122.7
2837,3.29,17:11,159,122.7
2838,3.29,17:38,159,122.7
2839,3.29,17:38,159,122.7
2840,3.29,16:58,160,122.7
2841,3.29,18:22,159,122.7
2842,3.29,16:45,159,122.0
2843,3.29,16:09,158,122.0
2844,3.3,14:34,158,122.0
2845,3.3,14:44,159,122.0
2846,3.3,13:49,159,122.0
2847,3.3,14:07,159,122.0
2848,3.3,13:41,159,122.0
2849,3.3,13:58,159,121.4
2850,3.3,13:08,158,121.4
2851,3.3,13:32,159,121.4
2852,3.31,13:24,158,121.4
2853,3.31,13:58,158,121.4
2854,3.31,14:54,158,121.4
2855,3.31,16:33,158,121.4
2856,3.31,17:52,159,121.4
2857,3.31,18:53,159,121.4
2858,3.31,17:52,160,121.4
2859,3.31,17:11,160,120.7
2860,3.31,16:58,161,120.7
2861,3.31,15:14,162,120.7
2862,3.32,15:14,162,120.1
2863,3.32,16:21,162,120.1
2864,3.32,15:46,162,120.1
2865,3.32,15:46,161,119.4
2866,3.32,15:35,161,119.4
2867,3.32,14:54,162,119.4
2868,3.32,14:16,161,119.4
2869,3.32,13:49,162,119.4
2870,3.32,13:49,162,119.4
2871,3.33,14:07,161,118.8
2872,3.33,13:58,161,118.8
2873,3.33,13:49,160,118.8
2874,3.33,15:14,162,118.1
2875,3.33,14:34,162,117.5
2876,3.33,14:54,162,117.5
2877,3.33,15:14,162,116.8
2878,3.33,15:14,161,115.5
2879,3.33,14:34,162,114.8
2880,3.34,14:44,162,114.8
2881,3.34,14:25,162,114.2
2882,3.34,13:41,162,113.5
2883,3.34,13:16,161,113.5
2884,3.34,13:49,162,112.9
2885,3.34,14:25,163,112.9
2886,3.34,15:35,162,112.2
2887,3.34,15:46,163,112.2
2888,3.34,16:45,161,111.5
2889,3.35,16:09,160,111.5
2890,3.35,16:21,160,110.9
2891,3.35,15:14,160,110.9
2892,3.35,14:54,161,110.9
2893,3.35,14:16,160,110.9
2894,3.35,14:34,160,110.2
2895,3.35,14:16,160,110.2
2896,3.35,13:58,160,109.6
2897,3.36,14:44,161,110.2
2898,3.36,15:35,160,110.2
2899,3.36,13:58,158,110.9
2900,3.36,12:46,158,110.9
2901,3.36,12:32,158,111.5
2902,3.36,12:32,158,111.5
2903,3.36,11:39,159,111.5
2904,3.36,12:53,159,111.5
2905,3.37,13:49,158,111.5
2906,3.37,14:16,158,111.5
2907,3.37,14:44,159,111.5
2908,3.37,16:33,158,111.5
2909,3.37,15:35,158,111.5
2910,3.37,16:45,158,111.5
2911,3.37,18:22,158,111.5
2912,3.37,18:22,159,111.5
2913,3.37,16:58,158,111.5
2914,3.37,16:45,159,111.5
2915,3.38,16:09,159,111.5
2916,3.38,17:11,158,111.5
2917,3.38,17:11,158,111.5
2918,3.38,18:37,158,111.5
2919,3.38,17:38,158,111.5
2920,3.38,17:11,159,111.5
2921,3.38,15:14,160,111.5
2922,3.38,14:25,160,110.9
2923,3.38,13:41,159,110.9
2924,3.39,14:07,159,110.2
2925,3.39,14:07,159,110.2
2926,3.39,13:58,159,109.6
2927,3.39,14:25,159,109.6
2928,3.39,13:41,159,108.9
2929,3.39,14:07,158,108.9
2930,3.39,13:49,158,108.9
2931,3.39,13:24,158,108.3
2932,3.39,13:32,158,108.3
2933,3.4,13:24,157,108.3
2934,3.4,12:53,158,108.3
2935,3.4,12:18,158,107.6
2957,3.4,187:34,156,106.3
2958,3.4,246:04,154,106.3
2959,3.4,178:48,154,105.6
